Rk_stats_standard,Player,Nation_stats_standard,Pos_stats_standard,Squad_stats_standard,Age_stats_standard,Born_stats_standard,MP_stats_standard,Starts_stats_standard,Min_stats_standard,90s_stats_standard,Gls_stats_standard,Ast_stats_standard,G+A_stats_standard,G-PK_stats_standard,PK_stats_standard,PKatt_stats_standard,CrdY_stats_standard,CrdR_stats_standard,xG_stats_standard,npxG_stats_standard,xAG_stats_standard,npxG+xAG_stats_standard,PrgC_stats_standard,PrgP_stats_standard,PrgR_stats_standard,Gls_stats_standard,Ast_stats_standard,G+A_stats_standard,G-PK_stats_standard,G+A-PK_stats_standard,xG_stats_standard,xAG_stats_standard,xG+xAG_stats_standard,npxG_stats_standard,npxG+xAG_stats_standard,Matches_stats_standard,FirstName
112,Aaron Cresswell,eng ENG,DF,West Ham,35-144,1989,15,8,676.0,7.5,0,0,0,0,0,0,2,0,0.1,0.1,1.1,1.3,4,28,2,0.00,0.00,0.00,0.00,0.00,0.01,0.15,0.17,0.01,0.17,Matches,Aaron
537,Aaron Wan-Bissaka,eng ENG,DF,West Ham,27-163,1997,33,32,2884.0,32.0,2,3,5,2,0,0,1,0,1.2,1.2,3.2,4.4,101,132,150,0.06,0.09,0.16,0.06,0.16,0.04,0.10,0.14,0.04,0.14,Matches,Aaron
420,Aaron Ramsdale,eng ENG,GK,Southampton,26-359,1998,27,27,2430.0,27.0,0,0,0,0,0,0,2,0,0.0,0.0,0.0,0.0,0,0,0,0.00,0.00,0.00,0.00,0.00,0.00,0.00,0.00,0.00,0.00,Matches,Aaron
146,Abdoulaye Doucouré,ml MLI,MF,Everton,32-127,1993,30,29,2425.0,26.9,3,1,4,3,0,0,5,1,3.9,3.9,2.3,6.2,40,78,91,0.11,0.04,0.15,0.11,0.15,0.14,0.09,0.23,0.14,0.23,Matches,Abdoulaye
280,Abdukodir Khusanov,uz UZB,DF,Manchester City,21-068,2004,6,6,503.0,5.6,0,0,0,0,0,0,1,0,0.0,0.0,0.1,0.1,1,25,2,0.00,0.00,0.00,0.00,0.00,0.00,0.02,0.02,0.00,0.02,Matches,Abdukodir
175,Abdul Fatawu Issahaku,gh GHA,FW,Leicester City,21-061,2004,11,6,579.0,6.4,0,2,2,0,0,0,0,0,0.4,0.4,1.6,2.0,42,17,60,0.00,0.31,0.31,0.00,0.31,0.06,0.24,0.31,0.06,0.31,Matches,Abdul
33,Adam Armstrong,eng ENG,"FW,MF",Southampton,28-087,1997,20,15,1248.0,13.9,2,2,4,2,0,1,4,0,3.3,2.3,1.2,3.5,25,21,79,0.14,0.14,0.29,0.14,0.29,0.24,0.09,0.32,0.17,0.25,Matches,Adam
294,Adam Lallana,eng ENG,MF,Southampton,36-363,1988,14,5,361.0,4.0,0,2,2,0,0,0,4,0,0.2,0.2,0.9,1.1,6,24,10,0.00,0.50,0.50,0.00,0.50,0.04,0.23,0.27,0.04,0.27,Matches,Adam
473,Adam Smith,eng ENG,DF,Bournemouth,34-009,1991,22,17,1409.0,15.7,0,0,0,0,0,0,6,0,0.7,0.7,0.3,1.0,12,40,31,0.00,0.00,0.00,0.00,0.00,0.04,0.02,0.06,0.04,0.06,Matches,Adam
547,Adam Wharton,eng ENG,MF,Crystal Palace,20-340,2004,20,16,1318.0,14.6,0,2,2,0,0,0,2,0,0.4,0.4,3.0,3.4,14,107,11,0.00,0.14,0.14,0.00,0.14,0.03,0.21,0.23,0.03,0.23,Matches,Adam
543,Adam Webster,eng ENG,DF,Brighton,30-124,1995,11,8,617.0,6.9,0,0,0,0,0,0,0,0,0.0,0.0,0.5,0.5,7,40,2,0.00,0.00,0.00,0.00,0.00,0.00,0.07,0.08,0.00,0.08,Matches,Adam
513,Adama Traoré,es ESP,"FW,MF",Fulham,29-103,1996,33,16,1592.0,17.7,2,6,8,2,0,0,3,0,3.9,3.9,4.7,8.6,89,61,145,0.11,0.34,0.45,0.11,0.45,0.22,0.27,0.49,0.22,0.49,Matches,Adama
214,Albert Grønbaek,dk DEN,"FW,MF",Southampton,23-350,2001,4,2,143.0,1.6,0,0,0,0,0,0,0,0,0.1,0.1,0.0,0.1,1,1,3,0.00,0.00,0.00,0.00,0.00,0.07,0.01,0.08,0.07,0.08,Matches,Albert
194,Alejandro Garnacho,ar ARG,"MF,FW",Manchester Utd,20-311,2004,34,23,2146.0,23.8,6,2,8,6,0,0,3,0,7.2,7.2,4.5,11.7,139,56,281,0.25,0.08,0.34,0.25,0.34,0.30,0.19,0.49,0.30,0.49,Matches,Alejandro
338,Alex McCarthy,eng ENG,GK,Southampton,35-156,1989,5,5,450.0,5.0,0,0,0,0,0,0,0,0,0.0,0.0,0.0,0.0,0,0,0,0.00,0.00,0.00,0.00,0.00,0.00,0.00,0.00,0.00,0.00,Matches,Alex
251,Alex Iwobi,ng NGA,"FW,MF",Fulham,29-005,1996,35,33,2796.0,31.1,9,6,15,9,0,0,1,0,4.6,4.6,6.9,11.5,135,199,224,0.29,0.19,0.48,0.29,0.48,0.15,0.22,0.37,0.15,0.37,Matches,Alex
401,Alex Palmer,eng ENG,GK,Ipswich Town,28-271,1996,11,11,990.0,11.0,0,0,0,0,0,0,2,0,0.0,0.0,0.0,0.0,0,1,0,0.00,0.00,0.00,0.00,0.00,0.00,0.00,0.00,0.00,0.00,Matches,Alex
458,Alex Scott,eng ENG,MF,Bournemouth,21-260,2003,18,7,709.0,7.9,0,0,0,0,0,0,2,0,0.7,0.7,0.8,1.5,15,49,33,0.00,0.00,0.00,0.00,0.00,0.08,0.11,0.19,0.08,0.19,Matches,Alex
250,Alexander Isak,se SWE,FW,Newcastle Utd,25-229,1999,32,32,2577.0,28.6,23,6,29,19,4,4,1,0,19.9,16.8,4.3,21.1,81,80,200,0.80,0.21,1.01,0.66,0.87,0.69,0.15,0.85,0.59,0.74,Matches,Alexander
314,Alexis Mac Allister,ar ARG,MF,Liverpool,26-135,1998,34,30,2575.0,28.6,5,5,10,5,0,0,6,0,2.8,2.8,4.6,7.4,34,174,79,0.17,0.17,0.35,0.17,0.35,0.10,0.16,0.26,0.10,0.26,Matches,Alexis
225,Ali Al Hamadi,iq IRQ,FW,Ipswich Town,23-068,2002,11,0,134.0,1.5,0,0,0,0,0,0,3,0,0.4,0.4,0.1,0.4,4,3,14,0.00,0.00,0.00,0.00,0.00,0.24,0.05,0.28,0.24,0.28,Matches,Ali
16,Alisson,br BRA,GK,Liverpool,32-218,1992,25,25,2238.0,24.9,0,0,0,0,0,0,0,0,0.0,0.0,0.6,0.6,0,0,0,0.00,0.00,0.00,0.00,0.00,0.00,0.02,0.02,0.00,0.02,Matches,Alisson
31,Alphonse Areola,fr FRA,GK,West Ham,32-070,1993,24,23,2080.0,23.1,0,0,0,0,0,0,0,0,0.0,0.0,0.0,0.0,0,0,0,0.00,0.00,0.00,0.00,0.00,0.00,0.00,0.00,0.00,0.00,Matches,Alphonse
48,Altay Bayındır,tr TUR,GK,Manchester Utd,27-024,1998,2,2,180.0,2.0,0,0,0,0,0,0,0,0,0.0,0.0,0.0,0.0,0,0,0,0.00,0.00,0.00,0.00,0.00,0.00,0.00,0.00,0.00,0.00,Matches,Altay
131,Amad Diallo,ci CIV,"FW,MF",Manchester Utd,22-301,2002,23,17,1639.0,18.2,7,6,13,7,0,0,3,0,4.2,4.2,4.0,8.2,93,55,163,0.38,0.33,0.71,0.38,0.71,0.23,0.22,0.45,0.23,0.45,Matches,Amad
392,Amadou Onana,be BEL,MF,Aston Villa,23-265,2001,23,17,1378.0,15.3,3,0,3,3,0,0,4,0,2.1,2.1,0.3,2.4,21,60,14,0.20,0.00,0.20,0.20,0.20,0.14,0.02,0.16,0.14,0.16,Matches,Amadou
407,Andreas Pereira,br BRA,MF,Fulham,29-127,1996,31,23,1879.0,20.9,2,4,6,2,0,1,7,0,3.5,2.7,4.5,7.2,27,99,78,0.10,0.19,0.29,0.10,0.29,0.17,0.21,0.38,0.13,0.34,Matches,Andreas
433,Andrew Robertson,sct SCO,DF,Liverpool,31-058,1994,31,27,2308.0,25.6,0,0,0,0,0,0,3,1,1.0,1.0,4.1,5.1,58,165,95,0.00,0.00,0.00,0.00,0.00,0.04,0.16,0.20,0.04,0.20,Matches,Andrew
393,André Onana,cm CMR,GK,Manchester Utd,29-036,1996,33,33,2970.0,33.0,0,0,0,0,0,0,0,0,0.0,0.0,0.2,0.2,0,1,0,0.00,0.00,0.00,0.00,0.00,0.00,0.01,0.01,0.00,0.01,Matches,André
26,André,br BRA,MF,Wolves,23-296,2001,30,28,2249.0,25.0,0,0,0,0,0,0,7,0,0.4,0.4,0.7,1.1,8,95,11,0.00,0.00,0.00,0.00,0.00,0.02,0.03,0.05,0.02,0.05,Matches,André
193,Andrés García,es ESP,"DF,MF",Aston Villa,22-090,2003,7,5,318.0,3.5,0,0,0,0,0,0,0,0,0.0,0.0,0.2,0.2,26,15,28,0.00,0.00,0.00,0.00,0.00,0.01,0.05,0.06,0.01,0.06,Matches,Andrés
249,Andy Irving,sct SCO,MF,West Ham,24-360,2000,10,1,166.0,1.8,0,0,0,0,0,0,2,0,0.1,0.1,0.2,0.4,0,9,4,0.00,0.00,0.00,0.00,0.00,0.06,0.13,0.19,0.06,0.19,Matches,Andy
160,Anthony Elanga,se SWE,"FW,MF",Nott'ham Forest,23-011,2002,35,28,2232.0,24.8,6,9,15,6,0,0,1,0,4.2,4.2,4.8,9.0,87,54,190,0.24,0.36,0.60,0.24,0.60,0.17,0.19,0.36,0.17,0.36,Matches,Anthony
208,Anthony Gordon,eng ENG,FW,Newcastle Utd,24-073,2001,31,25,2235.0,24.8,6,5,11,5,1,2,2,0,8.0,6.4,4.9,11.4,111,93,197,0.24,0.20,0.44,0.20,0.40,0.32,0.20,0.52,0.26,0.46,Matches,Anthony
461,Antoine Semenyo,gh GHA,FW,Bournemouth,25-121,2000,34,33,2933.0,32.6,9,5,14,9,0,0,9,0,9.3,9.3,5.8,15.1,133,106,259,0.28,0.15,0.43,0.28,0.43,0.29,0.18,0.46,0.29,0.46,Matches,Antoine
434,Antonee Robinson,us USA,DF,Fulham,27-273,1997,34,33,2989.0,33.2,0,10,10,0,0,0,8,0,0.7,0.7,4.1,4.8,114,123,265,0.00,0.30,0.30,0.00,0.30,0.02,0.12,0.15,0.02,0.15,Matches,Antonee
28,Antony,br BRA,"DF,MF",Manchester Utd,25-073,2000,8,0,141.0,1.6,0,0,0,0,0,0,0,0,1.0,1.0,0.1,1.1,5,6,7,0.00,0.00,0.00,0.00,0.00,0.65,0.08,0.73,0.65,0.73,Matches,Antony
283,Antonín Kinský,cz CZE,GK,Tottenham,22-056,2003,4,4,360.0,4.0,0,0,0,0,0,0,0,0,0.0,0.0,0.1,0.1,1,1,0,0.00,0.00,0.00,0.00,0.00,0.00,0.02,0.02,0.00,0.02,Matches,Antonín
210,Archie Gray,eng ENG,"DF,MF",Tottenham,19-057,2006,25,16,1481.0,16.5,0,0,0,0,0,0,0,0,0.0,0.0,0.1,0.1,6,34,15,0.00,0.00,0.00,0.00,0.00,0.00,0.01,0.01,0.00,0.01,Matches,Archie
366,Arijanet Muric,xk KVX,GK,Ipswich Town,26-182,1998,18,18,1620.0,18.0,0,0,0,0,0,0,1,0,0.0,0.0,0.0,0.0,0,1,0,0.00,0.00,0.00,0.00,0.00,0.00,0.00,0.00,0.00,0.00,Matches,Arijanet
70,Armando Broja,al ALB,FW,Everton,23-240,2001,10,4,334.0,3.7,0,0,0,0,0,0,1,0,0.1,0.1,0.2,0.3,12,2,26,0.00,0.00,0.00,0.00,0.00,0.03,0.05,0.08,0.03,0.08,Matches,Armando
50,Armel Bella Kotchap,de GER,DF,Southampton,23-148,2001,4,2,331.0,3.7,0,0,0,0,0,0,0,0,0.3,0.3,0.0,0.3,0,5,0,0.00,0.00,0.00,0.00,0.00,0.09,0.00,0.09,0.09,0.09,Matches,Armel
564,Ashley Young,eng ENG,"DF,FW",Everton,39-303,1985,29,17,1622.0,18.0,1,3,4,1,0,0,6,1,0.3,0.3,1.6,1.8,20,83,27,0.06,0.17,0.22,0.06,0.22,0.01,0.09,0.10,0.01,0.10,Matches,Ashley
520,Axel Tuanzebe,cd COD,DF,Ipswich Town,27-175,1997,19,17,1446.0,16.1,0,1,1,0,0,0,5,1,0.2,0.2,0.3,0.5,9,46,8,0.00,0.06,0.06,0.00,0.06,0.01,0.02,0.03,0.01,0.03,Matches,Axel
138,Axel Disasi,fr FRA,DF,Chelsea,27-058,1998,6,4,364.0,4.0,1,0,1,1,0,0,1,0,0.3,0.3,0.1,0.4,6,16,2,0.25,0.00,0.25,0.25,0.25,0.07,0.02,0.09,0.07,0.09,Matches,Axel
137,Axel Disasi,fr FRA,DF,Aston Villa,27-058,1998,7,5,490.0,5.4,0,0,0,0,0,0,2,0,0.1,0.1,0.4,0.5,10,16,5,0.00,0.00,0.00,0.00,0.00,0.02,0.07,0.09,0.02,0.09,Matches,Axel
230,Ayden Heaven,eng ENG,DF,Manchester Utd,18-228,2006,2,1,95.0,1.1,0,0,0,0,0,0,0,0,0.0,0.0,0.0,0.0,1,2,1,0.00,0.00,0.00,0.00,0.00,0.00,0.00,0.00,0.00,0.00,Matches,Ayden
530,Bart Verbruggen,nl NED,GK,Brighton,22-263,2002,33,33,2970.0,33.0,0,1,1,0,0,0,5,0,0.0,0.0,0.0,0.0,0,2,0,0.00,0.03,0.03,0.00,0.03,0.00,0.00,0.00,0.00,0.00,Matches,Bart
122,Ben Davies,wls WAL,DF,Tottenham,32-014,1993,14,12,1126.0,12.5,0,0,0,0,0,0,4,0,0.3,0.3,0.2,0.5,14,50,6,0.00,0.00,0.00,0.00,0.00,0.02,0.02,0.04,0.02,0.04,Matches,Ben
263,Ben Johnson,eng ENG,"DF,FW",Ipswich Town,25-104,2000,22,14,1348.0,15.0,1,2,3,1,0,0,5,1,1.1,1.1,1.3,2.3,16,26,33,0.07,0.13,0.20,0.07,0.20,0.07,0.09,0.16,0.07,0.16,Matches,Ben
199,Ben Godfrey,eng ENG,DF,Ipswich Town,27-113,1998,3,2,159.0,1.8,0,0,0,0,0,0,1,0,0.0,0.0,0.0,0.0,2,4,1,0.00,0.00,0.00,0.00,0.00,0.00,0.00,0.00,0.00,0.00,Matches,Ben
96,Ben Chilwell,eng ENG,DF,Crystal Palace,28-138,1996,6,0,139.0,1.5,0,0,0,0,0,0,1,0,0.1,0.1,0.2,0.3,2,3,10,0.00,0.00,0.00,0.00,0.00,0.05,0.13,0.18,0.05,0.18,Matches,Ben
68,Ben Brereton,cl CHI,FW,Southampton,26-020,1999,10,4,449.0,5.0,0,0,0,0,0,0,1,0,0.9,0.9,0.1,1.0,12,9,42,0.00,0.00,0.00,0.00,0.00,0.18,0.02,0.20,0.18,0.20,Matches,Ben
342,Ben Mee,eng ENG,DF,Brentford,35-229,1989,7,2,183.0,2.0,0,0,0,0,0,0,2,0,0.0,0.0,0.0,0.0,3,11,2,0.00,0.00,0.00,0.00,0.00,0.00,0.00,0.00,0.00,0.00,Matches,Ben
548,Ben White,eng ENG,DF,Arsenal,27-212,1997,14,10,941.0,10.5,0,1,1,0,0,0,2,0,0.4,0.4,0.8,1.2,11,44,28,0.00,0.10,0.10,0.00,0.10,0.04,0.08,0.12,0.04,0.12,Matches,Ben
42,Benoît Badiashile,fr FRA,DF,Chelsea,24-043,2001,5,3,334.0,3.7,0,0,0,0,0,0,0,0,0.0,0.0,0.0,0.0,3,17,2,0.00,0.00,0.00,0.00,0.00,0.00,0.00,0.00,0.00,0.00,Matches,Benoît
466,Bernardo Silva,pt POR,"MF,FW",Manchester City,30-271,1994,30,26,2401.0,26.7,3,4,7,3,0,0,7,0,3.2,3.2,4.4,7.6,94,115,184,0.11,0.15,0.26,0.11,0.26,0.12,0.16,0.29,0.12,0.29,Matches,Bernardo
299,Bernd Leno,de GER,GK,Fulham,33-065,1992,35,35,3150.0,35.0,0,1,1,0,0,0,4,0,0.0,0.0,0.1,0.1,0,0,0,0.00,0.03,0.03,0.00,0.03,0.00,0.00,0.00,0.00,0.00,Matches,Bernd
57,Beto,gw GNB,FW,Everton,27-097,1998,27,12,1268.0,14.1,7,0,7,7,0,0,2,0,6.6,6.6,0.8,7.3,12,10,66,0.50,0.00,0.50,0.50,0.50,0.47,0.06,0.52,0.47,0.52,Matches,Beto
279,Bilal El Khannouss,ma MAR,MF,Leicester City,20-363,2004,30,25,2003.0,22.3,2,3,5,2,0,0,4,0,1.1,1.1,4.1,5.2,71,119,83,0.09,0.13,0.22,0.09,0.22,0.05,0.18,0.23,0.05,0.23,Matches,Bilal
198,Billy Gilmour,sct SCO,MF,Brighton,23-331,2001,2,1,98.0,1.1,0,0,0,0,0,0,0,0,0.1,0.1,0.0,0.1,2,11,2,0.00,0.00,0.00,0.00,0.00,0.07,0.00,0.07,0.07,0.07,Matches,Billy
126,Bobby De Cordova-Reid,jm JAM,FW,Leicester City,32-095,1993,23,9,744.0,8.3,1,2,3,1,0,0,2,0,0.8,0.8,1.2,2.0,14,15,48,0.12,0.24,0.36,0.12,0.36,0.10,0.15,0.24,0.10,0.24,Matches,Bobby
273,Boubacar Kamara,fr FRA,MF,Aston Villa,25-166,1999,23,17,1463.0,16.3,0,0,0,0,0,0,2,0,0.4,0.4,0.9,1.3,16,74,7,0.00,0.00,0.00,0.00,0.00,0.02,0.05,0.08,0.02,0.08,Matches,Boubacar
480,Boubakary Soumaré,fr FRA,MF,Leicester City,26-070,1999,28,23,1960.0,21.8,0,0,0,0,0,0,8,0,0.3,0.3,0.4,0.7,31,95,21,0.00,0.00,0.00,0.00,0.00,0.01,0.02,0.03,0.01,0.03,Matches,Boubakary
213,Brajan Gruda,de GER,"FW,MF",Brighton,20-342,2004,18,6,508.0,5.6,0,3,3,0,0,0,0,0,0.4,0.4,1.5,1.9,16,17,47,0.00,0.53,0.53,0.00,0.53,0.07,0.27,0.34,0.07,0.34,Matches,Brajan
264,Brennan Johnson,wls WAL,FW,Tottenham,23-350,2001,31,23,2083.0,23.1,11,3,14,11,0,0,5,0,9.8,9.8,2.3,12.1,57,70,194,0.48,0.13,0.60,0.48,0.60,0.43,0.10,0.52,0.43,0.52,Matches,Brennan
218,Bruno Guimarães,br BRA,MF,Newcastle Utd,27-173,1997,35,35,3002.0,33.4,4,6,10,4,0,0,6,0,3.9,3.9,5.8,9.6,54,247,81,0.12,0.18,0.30,0.12,0.30,0.12,0.17,0.29,0.12,0.29,Matches,Bruno
179,Bruno Fernandes,pt POR,MF,Manchester Utd,30-242,1994,33,32,2758.0,30.6,8,9,17,5,3,3,4,2,9.5,7.1,7.6,14.7,65,281,118,0.26,0.29,0.55,0.16,0.46,0.31,0.25,0.56,0.23,0.48,Matches,Bruno
335,Bryan Mbeumo,cm CMR,FW,Brentford,25-274,1999,35,35,3144.0,34.9,18,6,24,13,5,5,3,0,10.8,6.9,8.0,14.9,118,128,319,0.52,0.17,0.69,0.37,0.54,0.31,0.23,0.54,0.20,0.43,Matches,Bryan
443,Bukayo Saka,eng ENG,"FW,MF",Arsenal,23-245,2001,22,18,1539.0,17.1,6,10,16,5,1,1,3,0,6.3,5.5,6.8,12.3,82,62,233,0.35,0.58,0.94,0.29,0.88,0.37,0.40,0.77,0.32,0.72,Matches,Bukayo
390,Caleb Okoli,it ITA,DF,Leicester City,23-299,2001,18,12,1124.0,12.5,1,0,1,1,0,0,4,0,0.6,0.6,0.0,0.6,3,32,2,0.08,0.00,0.08,0.08,0.08,0.05,0.00,0.05,0.05,0.05,Matches,Caleb
553,Callum Wilson,eng ENG,FW,Newcastle Utd,33-070,1992,15,1,285.0,3.2,0,0,0,0,0,0,1,0,0.4,0.4,0.1,0.4,5,3,12,0.00,0.00,0.00,0.00,0.00,0.12,0.02,0.14,0.12,0.14,Matches,Callum
241,Callum Hudson-Odoi,eng ENG,"FW,MF",Nott'ham Forest,24-182,2000,29,25,2152.0,23.9,5,2,7,5,0,0,2,0,2.5,2.5,2.7,5.2,127,66,186,0.21,0.08,0.29,0.21,0.29,0.10,0.11,0.22,0.10,0.22,Matches,Callum
47,Calvin Bassey,ng NGA,DF,Fulham,25-128,1999,33,32,2894.0,32.2,1,0,1,1,0,0,7,0,1.0,1.0,0.1,1.2,36,107,15,0.03,0.00,0.03,0.03,0.03,0.03,0.00,0.04,0.03,0.04,Matches,Calvin
75,Cameron Burgess,au AUS,DF,Ipswich Town,29-199,1995,17,15,1451.0,16.1,0,2,2,0,0,0,0,0,0.7,0.7,0.5,1.2,2,41,4,0.00,0.12,0.12,0.00,0.12,0.04,0.03,0.08,0.04,0.08,Matches,Cameron
30,Cameron Archer,eng ENG,FW,Southampton,23-291,2001,32,13,1373.0,15.3,2,0,2,2,0,1,0,0,5.1,4.3,0.4,4.6,19,14,64,0.13,0.00,0.13,0.13,0.13,0.33,0.02,0.36,0.28,0.31,Matches,Cameron
276,Caoimhín Kelleher,ie IRL,GK,Liverpool,26-166,1998,10,10,900.0,10.0,0,0,0,0,0,0,0,0,0.0,0.0,0.0,0.0,0,0,0,0.00,0.00,0.00,0.00,0.00,0.00,0.00,0.00,0.00,0.00,Matches,Caoimhín
185,Carlos Forbs,pt POR,"MF,FW",Wolves,21-050,2004,10,1,239.0,2.7,0,0,0,0,0,0,2,0,0.1,0.1,0.0,0.2,10,8,28,0.00,0.00,0.00,0.00,0.00,0.05,0.01,0.07,0.05,0.07,Matches,Carlos
476,Carlos Soler,es ESP,"MF,FW",West Ham,28-126,1997,29,14,1358.0,15.1,1,1,2,1,0,0,5,0,1.7,1.7,1.2,2.9,16,52,33,0.07,0.07,0.13,0.07,0.13,0.11,0.08,0.19,0.11,0.19,Matches,Carlos
44,Carlos Baleba,cm CMR,MF,Brighton,21-125,2004,31,28,2403.0,26.7,3,1,4,3,0,0,8,1,3.0,3.0,1.3,4.3,40,111,27,0.11,0.04,0.15,0.11,0.15,0.11,0.05,0.16,0.11,0.16,Matches,Carlos
14,Carlos Alcaraz,ar ARG,"FW,MF",Everton,22-159,2002,12,5,580.0,6.4,1,2,3,1,0,0,4,0,1.3,1.3,1.5,2.8,15,37,17,0.16,0.31,0.47,0.16,0.47,0.21,0.23,0.43,0.21,0.43,Matches,Carlos
86,Casemiro,br BRA,MF,Manchester Utd,33-074,1992,22,16,1335.0,14.8,1,0,1,1,0,0,3,0,1.7,1.7,2.3,3.9,4,70,26,0.07,0.00,0.07,0.07,0.07,0.11,0.15,0.27,0.11,0.27,Matches,Casemiro
498,Charlie Taylor,eng ENG,DF,Southampton,31-232,1993,7,2,266.0,3.0,0,0,0,0,0,0,1,0,0.0,0.0,0.1,0.1,3,8,6,0.00,0.00,0.00,0.00,0.00,0.00,0.03,0.03,0.00,0.03,Matches,Charlie
147,Cheick Doucouré,ml MLI,MF,Crystal Palace,25-120,2000,13,4,452.0,5.0,0,0,0,0,0,0,1,0,0.4,0.4,0.0,0.4,2,19,7,0.00,0.00,0.00,0.00,0.00,0.08,0.00,0.08,0.08,0.08,Matches,Cheick
387,Chidozie Obi-Martin,dk DEN,FW,Manchester Utd,17-160,2007,6,1,155.0,1.7,0,0,0,0,0,0,1,0,0.6,0.6,0.0,0.6,2,1,12,0.00,0.00,0.00,0.00,0.00,0.35,0.00,0.35,0.35,0.35,Matches,Chidozie
389,Chiedozie Ogbene,ie IRL,FW,Ipswich Town,28-007,1997,5,3,238.0,2.6,0,0,0,0,0,0,0,0,0.0,0.0,0.1,0.1,7,0,15,0.00,0.00,0.00,0.00,0.00,0.00,0.03,0.03,0.00,0.03,Matches,Chiedozie
431,Chris Richards,us USA,DF,Crystal Palace,25-041,2000,21,19,1652.0,18.4,1,0,1,1,0,0,4,1,1.3,1.3,0.1,1.4,5,35,1,0.05,0.00,0.05,0.05,0.05,0.07,0.01,0.08,0.07,0.08,Matches,Chris
558,Chris Wood,nz NZL,FW,Nott'ham Forest,33-152,1991,33,32,2689.0,29.9,19,3,22,16,3,3,1,0,11.7,9.3,2.5,11.8,13,36,87,0.64,0.10,0.74,0.54,0.64,0.39,0.08,0.47,0.31,0.40,Matches,Chris
166,Christian Eriksen,dk DEN,MF,Manchester Utd,33-083,1992,21,11,1028.0,11.4,0,2,2,0,0,0,4,0,0.4,0.4,2.9,3.2,12,53,29,0.00,0.18,0.18,0.00,0.18,0.03,0.25,0.28,0.03,0.28,Matches,Christian
383,Christian Nørgaard,dk DEN,MF,Brentford,31-059,1994,31,31,2549.0,28.3,5,3,8,5,0,0,6,1,3.9,3.9,1.0,5.0,12,133,37,0.18,0.11,0.28,0.18,0.28,0.14,0.04,0.17,0.14,0.17,Matches,Christian
536,Christian Walton,eng ENG,GK,Ipswich Town,29-180,1995,6,6,540.0,6.0,0,0,0,0,0,0,0,0,0.0,0.0,0.0,0.0,0,0,0,0.00,0.00,0.00,0.00,0.00,0.00,0.00,0.00,0.00,0.00,Matches,Christian
378,Christopher Nkunku,fr FRA,FW,Chelsea,27-175,1997,27,9,921.0,10.2,3,2,5,3,0,0,2,0,4.8,4.8,2.1,6.9,17,25,68,0.29,0.20,0.49,0.29,0.49,0.47,0.21,0.68,0.47,0.67,Matches,Christopher
191,Cody Gakpo,nl NED,FW,Liverpool,26-001,1999,32,20,1717.0,19.1,9,3,12,9,0,0,5,0,6.5,6.5,3.5,10.0,51,52,253,0.47,0.16,0.63,0.47,0.63,0.34,0.18,0.52,0.34,0.52,Matches,Cody
402,Cole Palmer,eng ENG,MF,Chelsea,23-002,2002,34,33,2921.0,32.5,15,8,23,11,4,5,6,0,17.0,13.0,10.0,23.0,110,200,169,0.46,0.25,0.71,0.34,0.59,0.52,0.31,0.83,0.40,0.71,Matches,Cole
512,Conor Townsend,eng ENG,DF,Ipswich Town,32-065,1993,6,3,335.0,3.7,0,1,1,0,0,0,1,0,0.0,0.0,0.7,0.7,2,8,13,0.00,0.27,0.27,0.00,0.27,0.01,0.18,0.18,0.01,0.18,Matches,Conor
93,Conor Chaplin,eng ENG,"MF,FW",Ipswich Town,28-081,1997,19,8,712.0,7.9,1,1,2,1,0,0,2,0,1.2,1.2,0.7,1.9,11,26,20,0.13,0.13,0.25,0.13,0.25,0.15,0.09,0.24,0.15,0.24,Matches,Conor
65,Conor Bradley,nir NIR,DF,Liverpool,21-303,2003,16,4,567.0,6.3,0,1,1,0,0,0,3,0,0.6,0.6,0.5,1.1,28,26,31,0.00,0.16,0.16,0.00,0.16,0.09,0.07,0.17,0.09,0.17,Matches,Conor
103,Conor Coady,eng ENG,DF,Leicester City,32-072,1993,19,16,1444.0,16.0,0,0,0,0,0,0,2,0,0.1,0.1,0.1,0.2,3,30,0,0.00,0.00,0.00,0.00,0.00,0.01,0.00,0.01,0.01,0.01,Matches,Conor
124,Craig Dawson,eng ENG,DF,Wolves,35-002,1990,15,10,971.0,10.8,0,0,0,0,0,0,2,0,0.5,0.5,0.0,0.5,6,20,5,0.00,0.00,0.00,0.00,0.00,0.05,0.00,0.05,0.05,0.05,Matches,Craig
440,Cristian Romero,ar ARG,DF,Tottenham,27-011,1998,18,18,1416.0,15.7,1,0,1,1,0,0,3,0,1.6,1.6,0.6,2.2,12,71,3,0.06,0.00,0.06,0.06,0.06,0.10,0.04,0.14,0.10,0.14,Matches,Cristian
492,Crysencio Summerville,nl NED,"FW,MF",West Ham,23-190,2001,19,7,786.0,8.7,1,1,2,1,0,0,2,0,1.6,1.6,1.7,3.3,29,18,71,0.11,0.11,0.23,0.11,0.23,0.19,0.19,0.38,0.19,0.38,Matches,Crysencio
266,Curtis Jones,eng ENG,"MF,DF",Liverpool,24-098,2001,30,17,1528.0,17.0,3,3,6,3,0,0,3,1,4.1,4.1,1.0,5.1,24,95,71,0.18,0.18,0.35,0.18,0.35,0.24,0.06,0.30,0.24,0.30,Matches,Curtis
272,Daichi Kamada,jp JPN,MF,Crystal Palace,28-276,1996,31,14,1424.0,15.8,0,0,0,0,0,0,4,1,1.1,1.1,1.8,2.9,24,80,54,0.00,0.00,0.00,0.00,0.00,0.07,0.11,0.18,0.07,0.18,Matches,Daichi
76,Dan Burn,eng ENG,DF,Newcastle Utd,32-364,1992,34,34,3060.0,34.0,1,0,1,1,0,0,10,0,1.7,1.7,0.9,2.6,9,59,10,0.03,0.00,0.03,0.03,0.03,0.05,0.03,0.08,0.05,0.08,Matches,Dan
399,Dango Ouattara,bf BFA,FW,Bournemouth,23-086,2002,32,21,2005.0,22.3,7,4,11,7,0,0,3,0,8.4,8.4,5.5,13.8,79,43,191,0.31,0.18,0.49,0.31,0.49,0.38,0.25,0.62,0.38,0.62,Matches,Dango
365,Daniel Muñoz,co COL,DF,Crystal Palace,28-347,1996,34,34,2958.0,32.9,4,4,8,4,0,0,10,0,4.7,4.7,4.5,9.1,54,89,191,0.12,0.12,0.24,0.12,0.24,0.14,0.14,0.28,0.14,0.28,Matches,Daniel
119,Danilo,br BRA,"MF,FW",Nott'ham Forest,24-009,2001,7,5,267.0,3.0,0,0,0,0,0,0,0,0,0.0,0.0,0.0,0.0,2,11,1,0.00,0.00,0.00,0.00,0.00,0.00,0.00,0.00,0.00,0.00,Matches,Danilo
544,Danny Welbeck,eng ENG,FW,Brighton,34-163,1990,28,22,1942.0,21.6,9,4,13,9,0,0,5,0,8.1,8.1,1.2,9.3,19,42,83,0.42,0.19,0.60,0.42,0.60,0.38,0.06,0.43,0.38,0.43,Matches,Danny
247,Danny Ings,eng ENG,"FW,MF",West Ham,32-289,1992,15,1,284.0,3.2,1,2,3,1,0,0,0,0,2.3,2.3,1.3,3.5,6,5,29,0.32,0.63,0.95,0.32,0.95,0.72,0.41,1.12,0.72,1.12,Matches,Danny
538,Danny Ward,wls WAL,GK,Leicester City,31-320,1993,2,1,135.0,1.5,0,0,0,0,0,0,0,0,0.0,0.0,0.0,0.0,0,0,0,0.00,0.00,0.00,0.00,0.00,0.00,0.00,0.00,0.00,0.00,Matches,Danny
386,Dara O'Shea,ie IRL,DF,Ipswich Town,26-065,1999,32,32,2852.0,31.7,0,2,2,0,0,0,6,0,1.2,1.2,0.5,1.7,3,71,8,0.00,0.06,0.06,0.00,0.06,0.04,0.02,0.05,0.04,0.05,Matches,Dara
381,Darwin Núñez,uy URU,FW,Liverpool,25-318,1999,27,8,1051.0,11.7,5,2,7,5,0,0,8,0,5.3,5.3,1.2,6.5,22,27,69,0.43,0.17,0.60,0.43,0.60,0.45,0.11,0.56,0.45,0.56,Matches,Darwin
424,David Raya,es ESP,GK,Arsenal,29-235,1995,35,35,3150.0,35.0,0,0,0,0,0,0,2,0,0.0,0.0,0.0,0.0,0,13,0,0.00,0.00,0.00,0.00,0.00,0.00,0.00,0.00,0.00,0.00,Matches,David
71,David Brooks,wls WAL,"FW,MF",Bournemouth,27-304,1997,26,8,832.0,9.2,2,0,2,2,0,0,3,0,2.2,2.2,1.7,3.9,25,27,75,0.22,0.00,0.22,0.22,0.22,0.24,0.18,0.42,0.24,0.42,Matches,David
243,Dean Huijsen,es ESP,DF,Bournemouth,20-024,2005,29,24,2234.0,24.8,3,1,4,3,0,0,8,0,1.9,1.9,2.0,3.8,36,116,10,0.12,0.04,0.16,0.12,0.16,0.08,0.08,0.15,0.08,0.15,Matches,Dean
233,Dean Henderson,eng ENG,GK,Crystal Palace,28-057,1997,35,35,3150.0,35.0,0,0,0,0,0,0,3,0,0.0,0.0,0.1,0.1,0,0,0,0.00,0.00,0.00,0.00,0.00,0.00,0.00,0.00,0.00,0.00,Matches,Dean
430,Declan Rice,eng ENG,MF,Arsenal,26-114,1999,33,31,2645.0,29.4,3,7,10,3,0,0,7,1,3.3,3.3,6.5,9.7,88,180,92,0.10,0.24,0.34,0.10,0.34,0.11,0.22,0.33,0.11,0.33,Matches,Declan
292,Dejan Kulusevski,se SWE,"MF,FW",Tottenham,25-013,2000,31,26,2371.0,26.3,7,4,11,7,0,0,3,0,4.2,4.2,6.2,10.4,120,123,210,0.27,0.15,0.42,0.27,0.42,0.16,0.24,0.39,0.16,0.39,Matches,Dejan
521,Destiny Udogie,it ITA,DF,Tottenham,22-161,2002,24,23,1834.0,20.4,0,1,1,0,0,0,2,0,0.3,0.3,1.5,1.8,54,120,93,0.00,0.05,0.05,0.00,0.05,0.01,0.07,0.09,0.01,0.09,Matches,Destiny
205,Diego Gómez,py PAR,MF,Brighton,22-042,2003,13,4,441.0,4.9,0,0,0,0,0,0,0,0,0.7,0.7,0.5,1.2,5,20,14,0.00,0.00,0.00,0.00,0.00,0.15,0.10,0.25,0.15,0.25,Matches,Diego
84,Diego Carlos,br BRA,DF,Aston Villa,32-054,1993,10,8,830.0,9.2,0,0,0,0,0,0,1,0,0.6,0.6,0.0,0.6,3,34,0,0.00,0.00,0.00,0.00,0.00,0.07,0.00,0.07,0.07,0.07,Matches,Diego
117,Diogo Dalot,pt POR,DF,Manchester Utd,26-051,1999,32,31,2788.0,31.0,0,3,3,0,0,0,5,0,2.0,2.0,2.0,4.0,62,102,164,0.00,0.10,0.10,0.00,0.10,0.06,0.07,0.13,0.06,0.13,Matches,Diogo
268,Diogo Jota,pt POR,FW,Liverpool,28-155,1996,24,14,1154.0,12.8,6,3,9,6,0,0,2,0,7.5,7.5,1.8,9.3,36,33,86,0.47,0.23,0.70,0.47,0.70,0.59,0.14,0.73,0.59,0.73,Matches,Diogo
481,Djed Spence,eng ENG,DF,Tottenham,24-272,2000,22,17,1604.0,17.8,1,2,3,1,0,0,4,1,0.6,0.6,1.8,2.3,56,100,70,0.06,0.11,0.17,0.06,0.17,0.03,0.10,0.13,0.03,0.13,Matches,Djed
83,Dominic Calvert-Lewin,eng ENG,FW,Everton,28-053,1997,23,19,1588.0,17.6,3,1,4,3,0,0,2,0,6.2,6.2,0.6,6.8,22,19,107,0.17,0.06,0.23,0.17,0.23,0.35,0.04,0.38,0.35,0.38,Matches,Dominic
475,Dominic Solanke,eng ENG,FW,Tottenham,27-236,1997,25,24,2119.0,23.5,8,3,11,8,0,0,0,0,10.1,10.1,2.9,13.1,29,45,88,0.34,0.13,0.47,0.34,0.47,0.43,0.13,0.56,0.43,0.56,Matches,Dominic
494,Dominik Szoboszlai,hu HUN,MF,Liverpool,24-195,2000,33,26,2279.0,25.3,5,5,10,5,0,0,6,0,7.1,7.1,6.2,13.3,65,118,120,0.20,0.20,0.39,0.20,0.39,0.28,0.24,0.53,0.28,0.53,Matches,Dominik
322,Donyell Malen,nl NED,FW,Aston Villa,26-119,1999,12,2,293.0,3.3,3,0,3,3,0,0,0,0,2.2,2.2,0.1,2.2,11,5,25,0.92,0.00,0.92,0.92,0.92,0.66,0.02,0.68,0.66,0.68,Matches,Donyell
340,Dwight McNeil,eng ENG,"MF,FW",Everton,25-167,1999,18,14,1262.0,14.0,4,4,8,4,0,0,1,0,1.1,1.1,3.8,4.8,35,63,74,0.29,0.29,0.57,0.29,0.57,0.08,0.27,0.35,0.08,0.35,Matches,Dwight
172,Eberechi Eze,eng ENG,"MF,FW",Crystal Palace,26-313,1998,31,29,2427.0,27.0,5,8,13,4,1,2,1,0,9.1,7.5,5.2,12.7,67,89,143,0.19,0.30,0.48,0.15,0.44,0.34,0.19,0.53,0.28,0.47,Matches,Eberechi
377,Eddie Nketiah,eng ENG,"FW,MF",Crystal Palace,25-343,1999,26,8,895.0,9.9,1,1,2,1,0,0,6,1,4.5,4.5,1.6,6.1,38,17,68,0.10,0.10,0.20,0.10,0.20,0.45,0.16,0.62,0.45,0.62,Matches,Eddie
154,Ederson,br BRA,GK,Manchester City,31-264,1993,23,23,2050.0,22.8,0,4,4,0,0,0,3,0,0.0,0.0,1.5,1.5,0,1,0,0.00,0.18,0.18,0.00,0.18,0.00,0.07,0.07,0.00,0.07,Matches,Ederson
318,Edmond-Paris Maghoma,eng ENG,"MF,FW",Brentford,24-000,2001,8,0,119.0,1.3,0,0,0,0,0,0,0,0,0.1,0.1,0.1,0.2,4,13,4,0.00,0.00,0.00,0.00,0.00,0.09,0.08,0.17,0.09,0.17,Matches,Edmond-Paris
18,Edson Álvarez,mx MEX,MF,West Ham,27-196,1997,25,19,1633.0,18.1,0,1,1,0,0,0,8,1,0.3,0.3,0.8,1.1,21,75,18,0.00,0.06,0.06,0.00,0.06,0.02,0.04,0.06,0.02,0.06,Matches,Edson
25,Elliot Anderson,eng ENG,MF,Nott'ham Forest,22-183,2002,34,30,2467.0,27.4,2,6,8,2,0,0,7,0,1.9,1.9,3.1,5.0,46,128,87,0.07,0.22,0.29,0.07,0.29,0.07,0.11,0.18,0.07,0.18,Matches,Elliot
403,Emerson Palmieri,it ITA,DF,West Ham,30-278,1994,30,26,2105.0,23.4,2,1,3,2,0,0,5,0,2.0,2.0,1.5,3.4,47,66,83,0.09,0.04,0.13,0.09,0.13,0.08,0.06,0.15,0.08,0.15,Matches,Emerson
72,Emi Buendía,ar ARG,"MF,FW",Aston Villa,28-134,1996,12,0,98.0,1.1,0,0,0,0,0,0,1,0,0.7,0.7,0.0,0.7,3,7,6,0.00,0.00,0.00,0.00,0.00,0.60,0.02,0.62,0.60,0.62,Matches,Emi
290,Emil Krafth,se SWE,DF,Newcastle Utd,30-279,1994,10,2,289.0,3.2,0,0,0,0,0,0,0,0,0.0,0.0,0.1,0.1,3,7,1,0.00,0.00,0.00,0.00,0.00,0.01,0.03,0.04,0.01,0.04,Matches,Emil
474,Emile Smith Rowe,eng ENG,MF,Fulham,24-284,2000,31,23,1886.0,21.0,6,2,8,6,0,0,2,0,4.4,4.4,1.1,5.5,50,120,115,0.29,0.10,0.38,0.29,0.38,0.21,0.05,0.26,0.21,0.26,Matches,Emile
328,Emiliano Martínez,ar ARG,GK,Aston Villa,32-248,1992,34,34,2970.0,33.0,0,0,0,0,0,0,4,0,0.0,0.0,0.5,0.5,0,4,0,0.00,0.00,0.00,0.00,0.00,0.00,0.02,0.02,0.00,0.02,Matches,Emiliano
6,Emmanuel Agbadou,ci CIV,DF,Wolves,27-325,1997,13,13,1140.0,12.7,0,0,0,0,0,0,2,0,0.3,0.3,0.2,0.5,3,22,1,0.00,0.00,0.00,0.00,0.00,0.02,0.02,0.04,0.02,0.04,Matches,Emmanuel
524,Enes Ünal,tr TUR,"FW,MF",Bournemouth,27-363,1997,17,2,345.0,3.8,2,1,3,2,0,0,2,0,2.7,2.7,0.4,3.1,4,12,22,0.52,0.26,0.78,0.52,0.78,0.72,0.10,0.82,0.72,0.82,Matches,Enes
181,Enzo Fernández,ar ARG,MF,Chelsea,24-111,2001,33,29,2677.0,29.7,6,7,13,6,0,0,7,0,6.0,6.0,6.5,12.5,57,199,116,0.20,0.24,0.44,0.20,0.44,0.20,0.22,0.42,0.20,0.42,Matches,Enzo
223,Erling Haaland,no NOR,FW,Manchester City,24-291,2000,28,28,2480.0,27.6,21,3,24,19,2,3,2,0,20.8,18.4,2.8,21.2,19,18,103,0.76,0.11,0.87,0.69,0.80,0.76,0.10,0.86,0.67,0.77,Matches,Erling
413,Ethan Pinnock,jm JAM,DF,Brentford,31-344,1993,22,21,1913.0,21.3,2,0,2,2,0,0,2,0,1.1,1.1,1.2,2.3,3,41,9,0.09,0.00,0.09,0.09,0.09,0.05,0.05,0.11,0.05,0.11,Matches,Ethan
382,Ethan Nwaneri,eng ENG,"FW,MF",Arsenal,18-048,2007,25,10,821.0,9.1,4,2,6,4,0,0,1,0,1.1,1.1,1.0,2.2,44,30,102,0.44,0.22,0.66,0.44,0.66,0.12,0.11,0.24,0.12,0.24,Matches,Ethan
177,Evan Ferguson,ie IRL,FW,West Ham,20-201,2004,8,1,156.0,1.7,0,0,0,0,0,0,0,0,0.6,0.6,0.3,0.9,1,1,7,0.00,0.00,0.00,0.00,0.00,0.32,0.17,0.50,0.32,0.50,Matches,Evan
178,Evan Ferguson,ie IRL,FW,Brighton,20-201,2004,13,2,246.0,2.7,1,0,1,1,0,0,0,0,0.5,0.5,0.4,1.0,2,1,9,0.37,0.00,0.37,0.37,0.37,0.20,0.15,0.35,0.20,0.35,Matches,Evan
169,Evanilson,br BRA,FW,Bournemouth,25-214,1999,28,25,2058.0,22.9,10,1,11,10,0,1,1,1,11.6,10.8,1.6,12.5,28,24,88,0.44,0.04,0.48,0.44,0.48,0.51,0.07,0.58,0.47,0.55,Matches,Evanilson
287,Ezri Konsa,eng ENG,DF,Aston Villa,27-197,1997,31,30,2666.0,29.6,1,0,1,1,0,0,0,0,0.9,0.9,0.4,1.3,17,77,11,0.03,0.00,0.03,0.03,0.03,0.03,0.01,0.04,0.03,0.04,Matches,Ezri
456,Fabian Schär,ch SUI,DF,Newcastle Utd,33-139,1991,31,30,2664.0,29.6,4,0,4,4,0,0,7,1,2.4,2.4,0.4,2.8,14,102,18,0.14,0.00,0.14,0.14,0.14,0.08,0.01,0.10,0.08,0.10,Matches,Fabian
85,Fabio Carvalho,pt POR,"FW,MF",Brentford,22-251,2002,19,3,455.0,5.1,2,1,3,2,0,0,1,0,2.5,2.5,0.7,3.2,9,17,23,0.40,0.20,0.59,0.40,0.59,0.49,0.13,0.62,0.49,0.62,Matches,Fabio
74,Facundo Buonanotte,ar ARG,"FW,MF",Leicester City,20-136,2004,29,14,1474.0,16.4,4,2,6,4,0,0,7,0,3.8,3.8,3.1,6.8,38,52,69,0.24,0.12,0.37,0.24,0.37,0.23,0.19,0.42,0.23,0.42,Matches,Facundo
271,Ferdi Kadioglu,tr TUR,"DF,MF",Brighton,25-213,1999,6,5,385.0,4.3,1,0,1,1,0,0,1,0,0.4,0.4,0.2,0.6,1,15,27,0.23,0.00,0.23,0.23,0.23,0.10,0.04,0.14,0.10,0.14,Matches,Ferdi
270,Filip Jørgensen,dk DEN,GK,Chelsea,23-022,2002,6,6,540.0,6.0,0,0,0,0,0,0,0,0,0.0,0.0,0.0,0.0,0,0,0,0.00,0.00,0.00,0.00,0.00,0.00,0.00,0.00,0.00,0.00,Matches,Filip
148,Flynn Downes,eng ENG,MF,Southampton,26-108,1999,24,22,1881.0,20.9,1,0,1,1,0,0,10,0,0.6,0.6,1.1,1.7,25,63,28,0.05,0.00,0.05,0.05,0.05,0.03,0.05,0.08,0.03,0.08,Matches,Flynn
186,Fraser Forster,eng ENG,GK,Tottenham,37-052,1988,7,7,630.0,7.0,0,0,0,0,0,0,0,0,0.0,0.0,0.0,0.0,0,0,0,0.00,0.00,0.00,0.00,0.00,0.00,0.00,0.00,0.00,0.00,Matches,Fraser
327,Gabriel Martinelli,br BRA,"FW,MF",Arsenal,23-324,2001,30,22,2041.0,22.7,7,4,11,7,0,0,1,0,5.9,5.9,4.7,10.6,112,47,267,0.31,0.18,0.49,0.31,0.49,0.26,0.21,0.47,0.26,0.47,Matches,Gabriel
317,Gabriel Magalhães,br BRA,DF,Arsenal,27-140,1997,28,28,2363.0,26.3,3,1,4,3,0,0,4,0,2.6,2.6,0.9,3.5,10,126,11,0.11,0.04,0.15,0.11,0.15,0.10,0.03,0.13,0.10,0.13,Matches,Gabriel
258,Gabriel Jesus,br BRA,FW,Arsenal,28-035,1997,17,6,608.0,6.8,3,0,3,3,0,0,4,0,3.0,3.0,0.7,3.7,15,19,57,0.44,0.00,0.44,0.44,0.44,0.44,0.10,0.54,0.44,0.54,Matches,Gabriel
239,George Hirst,sct SCO,FW,Ipswich Town,26-082,1999,23,3,493.0,5.5,3,1,4,3,0,0,2,0,1.6,1.6,0.3,1.9,9,13,29,0.55,0.18,0.73,0.55,0.73,0.28,0.06,0.35,0.28,0.35,Matches,George
441,Georginio Rutter,fr FRA,"MF,FW",Brighton,23-018,2002,28,19,1656.0,18.4,5,3,8,5,0,0,2,0,4.6,4.6,2.5,7.1,42,67,79,0.27,0.16,0.43,0.27,0.43,0.25,0.14,0.39,0.25,0.39,Matches,Georginio
215,Gonçalo Guedes,pt POR,"MF,FW",Wolves,28-160,1996,26,7,783.0,8.7,2,4,6,2,0,0,1,0,2.2,2.2,1.1,3.3,32,31,60,0.23,0.46,0.69,0.23,0.69,0.26,0.13,0.38,0.26,0.38,Matches,Gonçalo
532,Guglielmo Vicario,it ITA,GK,Tottenham,28-213,1996,23,23,2070.0,23.0,0,0,0,0,0,0,1,0,0.0,0.0,0.0,0.0,0,1,0,0.00,0.00,0.00,0.00,0.00,0.00,0.00,0.00,0.00,0.00,Matches,Guglielmo
437,Guido Rodríguez,ar ARG,MF,West Ham,31-026,1994,20,14,1018.0,11.3,0,0,0,0,0,0,5,0,0.2,0.2,0.1,0.3,2,31,5,0.00,0.00,0.00,0.00,0.00,0.02,0.01,0.03,0.02,0.03,Matches,Guido
98,Hamza Choudhury,bd BAN,"MF,DF",Leicester City,27-219,1997,4,1,131.0,1.5,0,0,0,0,0,0,0,0,0.0,0.0,0.4,0.4,4,3,6,0.00,0.00,0.00,0.00,0.00,0.00,0.27,0.27,0.00,0.27,Matches,Hamza
425,Harrison Reed,eng ENG,MF,Fulham,30-101,1995,12,0,109.0,1.2,0,0,0,0,0,0,2,0,0.2,0.2,0.1,0.3,1,4,7,0.00,0.00,0.00,0.00,0.00,0.21,0.07,0.27,0.21,0.27,Matches,Harrison
508,Harry Toffolo,eng ENG,DF,Nott'ham Forest,29-262,1995,4,1,137.0,1.5,0,0,0,0,0,0,1,0,0.0,0.0,0.0,0.0,0,2,4,0.00,0.00,0.00,0.00,0.00,0.01,0.00,0.01,0.01,0.01,Matches,Harry
319,Harry Maguire,eng ENG,DF,Manchester Utd,32-064,1993,24,17,1539.0,17.1,1,0,1,1,0,0,7,0,1.4,1.4,0.3,1.7,6,43,7,0.06,0.00,0.06,0.06,0.06,0.08,0.01,0.10,0.08,0.10,Matches,Harry
100,Harry Clarke,eng ENG,DF,Ipswich Town,24-067,2001,7,4,379.0,4.2,0,0,0,0,0,0,3,1,0.1,0.1,0.0,0.1,5,14,2,0.00,0.00,0.00,0.00,0.00,0.02,0.01,0.03,0.02,0.03,Matches,Harry
20,Harry Amass,eng ENG,DF,Manchester Utd,18-053,2007,4,3,256.0,2.8,0,0,0,0,0,0,0,0,0.0,0.0,0.0,0.1,9,5,17,0.00,0.00,0.00,0.00,0.00,0.02,0.01,0.02,0.02,0.02,Matches,Harry
554,Harry Wilson,wls WAL,"FW,MF",Fulham,28-047,1997,22,10,1003.0,11.1,5,1,6,5,0,0,2,0,3.7,3.7,1.1,4.8,17,48,83,0.45,0.09,0.54,0.45,0.54,0.33,0.10,0.43,0.33,0.43,Matches,Harry
555,Harry Winks,eng ENG,MF,Leicester City,29-095,1996,22,17,1538.0,17.1,0,2,2,0,0,0,4,0,0.2,0.2,1.2,1.5,19,101,11,0.00,0.12,0.12,0.00,0.12,0.01,0.07,0.09,0.01,0.09,Matches,Harry
46,Harvey Barnes,eng ENG,FW,Newcastle Utd,27-150,1997,30,14,1503.0,16.7,9,4,13,9,0,0,0,0,6.6,6.6,3.9,10.4,80,72,172,0.54,0.24,0.78,0.54,0.78,0.39,0.23,0.62,0.39,0.62,Matches,Harvey
161,Harvey Elliott,eng ENG,"MF,FW",Liverpool,22-034,2003,15,1,267.0,3.0,0,1,1,0,0,0,1,0,0.8,0.8,0.9,1.7,8,29,25,0.00,0.34,0.34,0.00,0.34,0.28,0.29,0.57,0.28,0.57,Matches,Harvey
232,Hwang Hee-chan,kr KOR,"MF,FW",Wolves,29-102,1996,20,5,651.0,7.2,2,0,2,2,0,0,0,0,0.8,0.8,0.1,0.9,15,12,41,0.28,0.00,0.28,0.28,0.28,0.11,0.02,0.13,0.11,0.13,Matches,Hwang
419,Hákon Rafn Valdimarsson,is ISL,GK,Brentford,23-207,2001,2,1,145.0,1.6,0,0,0,0,0,0,0,0,0.0,0.0,0.0,0.0,0,0,0,0.00,0.00,0.00,0.00,0.00,0.00,0.00,0.00,0.00,0.00,Matches,Hákon
313,Ian Maatsen,nl NED,DF,Aston Villa,23-059,2002,26,8,957.0,10.6,1,2,3,1,0,0,2,0,0.8,0.8,2.7,3.5,27,40,91,0.09,0.19,0.28,0.09,0.28,0.07,0.25,0.33,0.07,0.33,Matches,Ian
448,Ibrahim Sangaré,ci CIV,MF,Nott'ham Forest,27-157,1997,10,4,370.0,4.1,0,1,1,0,0,0,3,0,0.0,0.0,0.4,0.4,0,16,3,0.00,0.24,0.24,0.00,0.24,0.00,0.09,0.10,0.00,0.10,Matches,Ibrahim
286,Ibrahima Konaté,fr FRA,DF,Liverpool,25-348,1999,28,27,2320.0,25.8,1,2,3,1,0,0,5,0,1.7,1.7,1.0,2.7,21,103,3,0.04,0.08,0.12,0.04,0.12,0.07,0.04,0.10,0.07,0.10,Matches,Ibrahima
192,Idrissa Gana Gueye,sn SEN,MF,Everton,35-224,1989,34,32,2794.0,31.0,0,3,3,0,0,0,8,0,1.1,1.1,1.7,2.8,26,134,24,0.00,0.10,0.10,0.00,0.10,0.03,0.05,0.09,0.03,0.09,Matches,Idrissa
246,Igor,br BRA,DF,Brighton,27-090,1998,12,9,903.0,10.0,0,0,0,0,0,0,4,0,0.0,0.0,0.2,0.2,9,44,0,0.00,0.00,0.00,0.00,0.00,0.00,0.02,0.02,0.00,0.02,Matches,Igor
370,Iliman Ndiaye,sn SEN,FW,Everton,25-063,2000,30,27,2252.0,25.0,7,0,7,5,2,2,3,0,5.2,3.6,1.6,5.2,81,50,115,0.28,0.00,0.28,0.20,0.20,0.21,0.06,0.27,0.15,0.21,Matches,Iliman
565,Illia Zabarnyi,ua UKR,DF,Bournemouth,22-249,2002,33,32,2842.0,31.6,0,0,0,0,0,0,3,1,1.1,1.1,0.6,1.6,25,128,4,0.00,0.00,0.00,0.00,0.00,0.03,0.02,0.05,0.03,0.05,Matches,Illia
451,Ismaila Sarr,sn SEN,"MF,FW",Crystal Palace,27-072,1998,35,27,2482.0,27.6,7,4,11,7,0,0,4,0,9.1,9.1,7.1,16.2,69,79,169,0.25,0.15,0.40,0.25,0.40,0.33,0.26,0.59,0.33,0.59,Matches,Ismaila
136,Issa Diop,fr FRA,DF,Fulham,28-119,1997,21,15,1339.0,14.9,0,0,0,0,0,0,2,0,0.5,0.5,0.1,0.6,6,25,3,0.00,0.00,0.00,0.00,0.00,0.04,0.01,0.04,0.04,0.04,Matches,Issa
484,Jack Stephens,eng ENG,DF,Southampton,31-101,1994,17,15,1209.0,13.4,1,0,1,1,0,0,2,2,0.6,0.6,0.2,0.7,13,53,2,0.07,0.00,0.07,0.07,0.07,0.04,0.01,0.05,0.04,0.05,Matches,Jack
238,Jack Hinshelwood,eng ENG,"DF,MF",Brighton,20-027,2005,23,21,1744.0,19.4,2,2,4,2,0,0,5,0,1.5,1.5,1.3,2.8,18,63,47,0.10,0.10,0.21,0.10,0.21,0.08,0.07,0.14,0.08,0.14,Matches,Jack
101,Jack Clarke,eng ENG,"FW,MF",Ipswich Town,24-166,2000,29,11,1056.0,11.7,0,4,4,0,0,0,2,0,1.0,1.0,2.0,2.9,32,35,47,0.00,0.34,0.34,0.00,0.34,0.08,0.17,0.25,0.08,0.25,Matches,Jack
227,Jack Harrison,eng ENG,FW,Everton,28-169,1996,31,22,1900.0,21.1,1,0,1,1,0,0,0,0,3.3,3.3,3.7,7.0,64,45,116,0.05,0.00,0.05,0.05,0.05,0.16,0.17,0.33,0.16,0.33,Matches,Jack
211,Jack Grealish,eng ENG,"FW,MF",Manchester City,29-240,1995,19,7,720.0,8.0,1,1,2,1,0,0,3,0,1.1,1.1,1.8,3.0,69,52,118,0.12,0.12,0.25,0.12,0.25,0.14,0.23,0.37,0.14,0.37,Matches,Jack
499,Jack Taylor,ie IRL,MF,Ipswich Town,26-319,1998,29,3,766.0,8.5,1,0,1,1,0,0,3,0,0.7,0.7,0.5,1.2,11,41,21,0.12,0.00,0.12,0.12,0.12,0.08,0.06,0.15,0.08,0.15,Matches,Jack
421,Jacob Ramsey,eng ENG,"FW,MF",Aston Villa,23-345,2001,27,18,1516.0,16.8,1,3,4,1,0,0,2,0,1.5,1.5,2.3,3.7,57,67,105,0.06,0.18,0.24,0.06,0.24,0.09,0.13,0.22,0.09,0.22,Matches,Jacob
368,Jacob Murphy,eng ENG,FW,Newcastle Utd,30-073,1995,32,28,2139.0,23.8,8,11,19,8,0,0,3,0,5.7,5.7,8.1,13.8,70,67,216,0.34,0.46,0.80,0.34,0.80,0.24,0.34,0.58,0.24,0.58,Matches,Jacob
212,Jacob Greaves,eng ENG,DF,Ipswich Town,24-238,2000,22,22,1935.0,21.5,1,0,1,1,0,0,5,0,1.2,1.2,0.0,1.3,7,53,8,0.05,0.00,0.05,0.05,0.05,0.06,0.00,0.06,0.06,0.06,Matches,Jacob
411,Jaden Philogene Bidace,eng ENG,"FW,DF",Ipswich Town,23-089,2002,10,5,474.0,5.3,2,0,2,2,0,0,1,0,2.0,2.0,0.2,2.2,13,10,36,0.38,0.00,0.38,0.38,0.38,0.37,0.05,0.42,0.37,0.42,Matches,Jaden
410,Jaden Philogene Bidace,eng ENG,"FW,MF",Aston Villa,23-089,2002,11,2,332.0,3.7,0,0,0,0,0,0,4,1,0.5,0.5,0.3,0.8,7,4,17,0.00,0.00,0.00,0.00,0.00,0.13,0.08,0.20,0.13,0.20,Matches,Jaden
447,Jadon Sancho,eng ENG,FW,Chelsea,25-044,2000,29,18,1687.0,18.7,3,4,7,3,0,0,2,0,2.2,2.2,3.6,5.8,98,87,218,0.16,0.21,0.37,0.16,0.37,0.12,0.19,0.31,0.12,0.31,Matches,Jadon
469,Jahmai Simpson-Pusey,eng ENG,DF,Manchester City,19-185,2005,2,1,96.0,1.1,0,0,0,0,0,0,1,0,0.0,0.0,0.0,0.0,1,3,0,0.00,0.00,0.00,0.00,0.00,0.00,0.00,0.00,0.00,0.00,Matches,Jahmai
384,Jake O'Brien,ie IRL,DF,Everton,23-358,2001,18,15,1391.0,15.5,2,0,2,2,0,0,5,0,0.7,0.7,0.6,1.3,7,43,24,0.13,0.00,0.13,0.13,0.13,0.05,0.04,0.08,0.05,0.08,Matches,Jake
284,Jakub Kiwior,pl POL,DF,Arsenal,25-082,2000,14,7,852.0,9.5,1,0,1,1,0,0,0,0,0.2,0.2,0.3,0.4,5,36,0,0.11,0.00,0.11,0.11,0.11,0.02,0.03,0.05,0.02,0.05,Matches,Jakub
487,Jakub Stolarczyk,pl POL,GK,Leicester City,24-140,2000,7,7,630.0,7.0,0,0,0,0,0,0,1,0,0.0,0.0,0.0,0.0,0,1,0,0.00,0.00,0.00,0.00,0.00,0.00,0.00,0.00,0.00,0.00,Matches,Jakub
269,James Justin,eng ENG,DF,Leicester City,27-074,1998,33,31,2669.0,29.7,2,1,3,2,0,0,5,0,1.5,1.5,0.6,2.1,39,87,92,0.07,0.03,0.10,0.07,0.10,0.05,0.02,0.07,0.05,0.07,Matches,James
315,James Maddison,eng ENG,MF,Tottenham,28-166,1996,31,21,1809.0,20.1,9,7,16,9,0,0,6,0,5.8,5.8,4.2,10.0,45,164,95,0.45,0.35,0.80,0.45,0.80,0.29,0.21,0.50,0.29,0.50,Matches,James
67,James Bree,eng ENG,DF,Southampton,27-209,1997,15,11,895.0,9.9,0,1,1,0,0,0,0,0,0.1,0.1,0.9,1.0,10,31,34,0.00,0.10,0.10,0.00,0.10,0.01,0.09,0.10,0.01,0.10,Matches,James
348,James Milner,eng ENG,MF,Brighton,39-124,1986,3,3,169.0,1.9,0,0,0,0,0,0,1,0,0.2,0.2,0.2,0.4,1,10,10,0.00,0.00,0.00,0.00,0.00,0.09,0.12,0.21,0.09,0.21,Matches,James
496,James Tarkowski,eng ENG,DF,Everton,32-170,1992,33,33,2922.0,32.5,1,1,2,1,0,0,6,0,1.3,1.3,2.9,4.2,9,75,3,0.03,0.03,0.06,0.03,0.06,0.04,0.09,0.13,0.04,0.13,Matches,James
541,James Ward-Prowse,eng ENG,MF,Nott'ham Forest,30-188,1994,9,5,400.0,4.4,0,1,1,0,0,0,2,1,0.1,0.1,1.1,1.2,1,16,3,0.00,0.23,0.23,0.00,0.23,0.01,0.25,0.26,0.01,0.26,Matches,James
540,James Ward-Prowse,eng ENG,MF,West Ham,30-188,1994,12,9,813.0,9.0,0,1,1,0,0,0,2,0,0.6,0.6,1.3,1.9,9,47,4,0.00,0.11,0.11,0.00,0.11,0.07,0.14,0.21,0.07,0.21,Matches,James
336,James Mcatee,eng ENG,"MF,FW",Manchester City,22-202,2002,14,2,304.0,3.4,3,0,3,3,0,0,1,0,2.8,2.8,0.3,3.1,7,6,26,0.89,0.00,0.89,0.89,0.89,0.83,0.10,0.93,0.83,0.93,Matches,James
237,James Hill,eng ENG,DF,Bournemouth,23-118,2002,10,6,448.0,5.0,0,1,1,0,0,0,1,0,0.3,0.3,0.3,0.6,3,16,8,0.00,0.20,0.20,0.00,0.20,0.06,0.05,0.11,0.06,0.11,Matches,James
195,James Garner,eng ENG,"MF,DF",Everton,24-056,2001,18,14,1324.0,14.7,0,1,1,0,0,0,3,0,0.3,0.3,1.3,1.6,12,46,22,0.00,0.07,0.07,0.00,0.07,0.02,0.09,0.11,0.02,0.11,Matches,James
526,Jamie Vardy,eng ENG,FW,Leicester City,38-117,1987,33,33,2655.0,29.5,8,3,11,7,1,2,5,0,10.7,9.1,2.9,12.0,27,20,110,0.27,0.10,0.37,0.24,0.34,0.36,0.10,0.46,0.31,0.41,Matches,Jamie
49,Jan Bednarek,pl POL,DF,Southampton,29-026,1996,29,29,2441.0,27.1,2,0,2,2,0,0,7,0,0.7,0.7,0.5,1.2,5,59,2,0.07,0.00,0.07,0.07,0.07,0.02,0.02,0.04,0.02,0.04,Matches,Jan
231,Jan Paul van Hecke,nl NED,DF,Brighton,24-334,2000,31,30,2688.0,29.9,1,1,2,1,0,0,8,1,1.3,1.3,1.5,2.7,53,216,5,0.03,0.03,0.07,0.03,0.07,0.04,0.05,0.09,0.04,0.09,Matches,Jan
531,Jannik Vestergaard,dk DEN,DF,Leicester City,32-278,1992,18,16,1391.0,15.5,0,0,0,0,0,0,5,0,0.1,0.1,0.1,0.2,3,32,2,0.00,0.00,0.00,0.00,0.00,0.01,0.01,0.01,0.01,0.01,Matches,Jannik
418,Jarell Quansah,eng ENG,DF,Liverpool,22-099,2003,12,3,405.0,4.5,0,0,0,0,0,0,2,0,0.1,0.1,0.1,0.2,2,16,4,0.00,0.00,0.00,0.00,0.00,0.02,0.02,0.04,0.02,0.04,Matches,Jarell
66,Jarrad Branthwaite,eng ENG,DF,Everton,22-315,2002,28,26,2348.0,26.1,0,1,1,0,0,0,4,0,1.1,1.1,0.7,1.8,9,61,2,0.00,0.04,0.04,0.00,0.04,0.04,0.03,0.07,0.04,0.07,Matches,Jarrad
64,Jarrod Bowen,eng ENG,"FW,MF",West Ham,28-139,1996,31,31,2721.0,30.2,10,7,17,9,1,1,1,0,8.0,7.3,6.3,13.6,98,86,188,0.33,0.23,0.56,0.30,0.53,0.26,0.21,0.47,0.24,0.45,Matches,Jarrod
483,Jason Steele,eng ENG,GK,Brighton,34-263,1990,2,2,180.0,2.0,0,0,0,0,0,0,0,0,0.0,0.0,0.0,0.0,0,0,0,0.00,0.00,0.00,0.00,0.00,0.00,0.00,0.00,0.00,0.00,Matches,Jason
507,Jean-Clair Todibo,fr FRA,DF,West Ham,25-129,1999,24,17,1564.0,17.4,0,0,0,0,0,0,2,0,0.2,0.2,0.0,0.2,9,31,5,0.00,0.00,0.00,0.00,0.00,0.01,0.00,0.01,0.01,0.01,Matches,Jean-Clair
331,Jean-Philippe Mateta,fr FRA,FW,Crystal Palace,27-314,1997,34,31,2517.0,28.0,14,2,16,12,2,2,2,0,12.1,10.6,3.1,13.6,38,47,114,0.50,0.07,0.57,0.43,0.50,0.43,0.11,0.54,0.38,0.49,Matches,Jean-Philippe
51,Jean-Ricner Bellegarde,fr FRA,"MF,FW",Wolves,26-315,1998,32,19,1551.0,17.2,2,6,8,2,0,0,3,0,1.3,1.3,3.6,4.9,49,39,83,0.12,0.35,0.46,0.12,0.46,0.08,0.21,0.28,0.08,0.28,Matches,Jean-Ricner
300,Jefferson Lerma,co COL,"MF,DF",Crystal Palace,30-195,1994,30,23,2034.0,22.6,0,1,1,0,0,0,8,0,1.0,1.0,1.5,2.5,11,86,25,0.00,0.04,0.04,0.00,0.04,0.04,0.06,0.11,0.04,0.11,Matches,Jefferson
457,Jeffrey Schlupp,gh GHA,"MF,DF",Crystal Palace,32-136,1992,12,0,103.0,1.1,0,0,0,0,0,0,0,0,0.2,0.2,0.2,0.3,4,5,9,0.00,0.00,0.00,0.00,0.00,0.14,0.14,0.28,0.14,0.28,Matches,Jeffrey
81,Jens Cajuste,se SWE,MF,Ipswich Town,25-271,1999,27,23,1783.0,19.8,1,0,1,1,0,0,2,0,0.5,0.5,0.6,1.1,23,46,16,0.05,0.00,0.05,0.05,0.05,0.02,0.03,0.06,0.02,0.06,Matches,Jens
142,Jeremy Doku,be BEL,"FW,MF",Manchester City,22-346,2002,26,15,1397.0,15.5,3,6,9,3,0,0,1,0,1.0,1.0,4.4,5.4,189,66,259,0.19,0.39,0.58,0.19,0.58,0.07,0.28,0.35,0.07,0.35,Matches,Jeremy
307,Jesper Lindstrøm,dk DEN,FW,Everton,25-068,2000,25,15,1239.0,13.8,0,1,1,0,0,0,2,0,2.1,2.1,2.0,4.1,30,25,81,0.00,0.07,0.07,0.00,0.07,0.15,0.15,0.30,0.15,0.30,Matches,Jesper
24,Joachim Andersen,dk DEN,DF,Fulham,28-342,1996,26,26,2313.0,25.7,0,0,0,0,0,0,5,1,1.0,1.0,0.3,1.3,13,105,2,0.00,0.00,0.00,0.00,0.00,0.04,0.01,0.05,0.04,0.05,Matches,Joachim
552,Joe Willock,eng ENG,"MF,FW",Newcastle Utd,25-261,1999,30,11,1026.0,11.4,0,2,2,0,0,0,3,0,1.6,1.6,1.9,3.5,36,38,82,0.00,0.18,0.18,0.00,0.18,0.14,0.17,0.31,0.14,0.31,Matches,Joe
311,Joe Lumley,eng ENG,GK,Southampton,30-082,1995,3,3,270.0,3.0,0,0,0,0,0,0,0,0,0.0,0.0,0.0,0.0,0,0,0,0.00,0.00,0.00,0.00,0.00,0.00,0.00,0.00,0.00,0.00,Matches,Joe
32,Joe Aribo,ng NGA,"MF,DF",Southampton,28-291,1996,30,20,1909.0,21.2,3,0,3,3,0,0,1,0,2.7,2.7,1.6,4.3,35,71,64,0.14,0.00,0.14,0.14,0.14,0.13,0.07,0.20,0.13,0.20,Matches,Joe
206,Joe Gomez,eng ENG,DF,Liverpool,27-350,1997,9,6,519.0,5.8,0,0,0,0,0,0,1,0,0.3,0.3,0.1,0.4,5,35,2,0.00,0.00,0.00,0.00,0.00,0.06,0.02,0.08,0.06,0.08,Matches,Joe
262,Joelinton,br BRA,"MF,FW",Newcastle Utd,28-267,1996,29,29,2393.0,26.6,4,3,7,4,0,0,10,0,3.9,3.9,2.5,6.4,40,116,110,0.15,0.11,0.26,0.15,0.26,0.15,0.09,0.24,0.15,0.24,Matches,Joelinton
339,John McGinn,sct SCO,"MF,FW",Aston Villa,30-202,1994,31,25,2052.0,22.8,1,4,5,1,0,0,7,0,2.9,2.6,3.4,6.0,31,96,72,0.04,0.18,0.22,0.04,0.22,0.13,0.15,0.28,0.11,0.27,Matches,John
488,John Stones,eng ENG,"DF,MF",Manchester City,30-345,1994,11,6,548.0,6.1,2,0,2,2,0,0,1,0,0.4,0.4,0.1,0.5,10,21,2,0.33,0.00,0.33,0.33,0.33,0.07,0.01,0.08,0.07,0.08,Matches,John
171,Jonny Evans,nir NIR,DF,Manchester Utd,37-125,1988,6,3,290.0,3.2,0,0,0,0,0,0,1,0,0.1,0.1,0.0,0.1,1,8,2,0.00,0.00,0.00,0.00,0.00,0.03,0.00,0.03,0.03,0.03,Matches,Jonny
41,Jordan Ayew,gh GHA,"FW,MF",Leicester City,33-239,1991,27,16,1425.0,15.8,5,0,5,4,1,1,5,0,3.0,2.2,1.0,3.2,42,37,77,0.32,0.00,0.32,0.25,0.25,0.19,0.06,0.25,0.14,0.20,Matches,Jordan
412,Jordan Pickford,eng ENG,GK,Everton,31-062,1994,35,35,3150.0,35.0,0,1,1,0,0,0,7,0,0.0,0.0,0.4,0.4,0,0,0,0.00,0.03,0.03,0.00,0.03,0.00,0.01,0.01,0.00,0.01,Matches,Jordan
114,Jorge Cuenca,es ESP,DF,Fulham,25-172,1999,6,3,259.0,2.9,0,0,0,0,0,0,0,0,0.0,0.0,0.0,0.0,0,9,0,0.00,0.00,0.00,0.00,0.00,0.01,0.00,0.01,0.01,0.01,Matches,Jorge
267,Jorginho,it ITA,MF,Arsenal,33-139,1991,14,9,703.0,7.8,0,0,0,0,0,0,5,0,0.1,0.1,0.4,0.5,12,48,6,0.00,0.00,0.00,0.00,0.00,0.01,0.05,0.06,0.01,0.06,Matches,Jorginho
567,Joshua Zirkzee,nl NED,"FW,MF",Manchester Utd,23-351,2001,32,14,1402.0,15.6,3,1,4,3,0,0,2,0,4.8,4.8,1.5,6.3,14,44,69,0.19,0.06,0.26,0.19,0.26,0.31,0.10,0.41,0.31,0.41,Matches,Joshua
2,Joshua Acheampong,eng ENG,DF,Chelsea,19-003,2006,4,2,170.0,1.9,0,0,0,0,0,0,1,0,0.2,0.2,0.0,0.2,0,8,0,0.00,0.00,0.00,0.00,0.00,0.12,0.00,0.12,0.12,0.12,Matches,Joshua
442,José Sá,pt POR,GK,Wolves,32-111,1993,27,27,2430.0,27.0,0,0,0,0,0,0,2,0,0.0,0.0,0.1,0.1,0,2,0,0.00,0.00,0.00,0.00,0.00,0.00,0.01,0.01,0.00,0.01,Matches,José
467,Jota Silva,pt POR,"FW,MF",Nott'ham Forest,25-280,1999,28,5,844.0,9.4,3,1,4,3,0,0,5,0,2.0,2.0,2.9,4.9,20,18,58,0.32,0.11,0.43,0.32,0.43,0.22,0.31,0.52,0.22,0.52,Matches,Jota
261,João Pedro,br BRA,"FW,MF",Brighton,23-224,2001,27,23,1948.0,21.6,10,6,16,5,5,5,4,1,8.9,5.0,5.0,10.0,66,78,128,0.46,0.28,0.74,0.23,0.51,0.41,0.23,0.64,0.23,0.46,Matches,João
202,João Gomes,br BRA,MF,Wolves,24-085,2001,33,33,2781.0,30.9,3,1,4,3,0,0,10,1,2.7,2.7,1.2,3.9,53,148,68,0.10,0.03,0.13,0.10,0.13,0.09,0.04,0.13,0.09,0.13,Matches,João
176,João Félix,pt POR,"FW,MF",Chelsea,25-179,1999,12,3,369.0,4.1,1,1,2,1,0,0,2,0,2.2,2.2,1.0,3.2,21,26,30,0.24,0.24,0.49,0.24,0.49,0.54,0.23,0.78,0.54,0.78,Matches,João
528,Joël Veltman,nl NED,DF,Brighton,33-113,1992,20,19,1665.0,18.5,0,0,0,0,0,0,4,0,0.5,0.5,0.5,0.9,30,80,32,0.00,0.00,0.00,0.00,0.00,0.03,0.02,0.05,0.03,0.05,Matches,Joël
222,Joško Gvardiol,hr CRO,DF,Manchester City,23-105,2002,34,33,3007.0,33.4,5,0,5,5,0,0,2,0,4.4,4.0,2.0,6.0,81,251,98,0.15,0.00,0.15,0.15,0.15,0.13,0.06,0.19,0.12,0.18,Matches,Joško
29,Julian Araujo,mx MEX,DF,Bournemouth,23-268,2001,10,6,426.0,4.7,0,0,0,0,0,0,1,0,0.0,0.0,0.0,0.0,3,14,19,0.00,0.00,0.00,0.00,0.00,0.00,0.00,0.00,0.00,0.00,Matches,Julian
164,Julio Enciso,py PAR,"MF,FW",Brighton,21-105,2004,12,2,294.0,3.3,0,0,0,0,0,0,0,0,1.0,1.0,0.2,1.2,11,14,17,0.00,0.00,0.00,0.00,0.00,0.31,0.07,0.38,0.31,0.38,Matches,Julio
163,Julio Enciso,py PAR,"FW,MF",Ipswich Town,21-105,2004,11,10,709.0,7.9,2,3,5,2,0,0,3,0,1.5,1.5,1.2,2.7,16,22,33,0.25,0.38,0.63,0.25,0.63,0.19,0.16,0.35,0.19,0.35,Matches,Julio
506,Jurriën Timber,nl NED,DF,Arsenal,23-325,2001,30,27,2417.0,26.9,1,3,4,1,0,0,7,0,1.2,1.2,0.8,2.1,57,146,104,0.04,0.11,0.15,0.04,0.15,0.05,0.03,0.08,0.05,0.08,Matches,Jurriën
129,Justin Devenny,nir NIR,MF,Crystal Palace,21-209,2003,20,4,429.0,4.8,1,0,1,1,0,0,1,0,0.7,0.7,0.4,1.1,4,16,12,0.21,0.00,0.21,0.21,0.21,0.14,0.09,0.22,0.14,0.22,Matches,Justin
285,Justin Kluivert,nl NED,"MF,FW",Bournemouth,26-003,1999,31,27,2161.0,24.0,12,6,18,6,6,6,8,0,10.0,5.3,4.8,10.1,74,95,153,0.50,0.25,0.75,0.25,0.50,0.42,0.20,0.62,0.22,0.42,Matches,Justin
153,Jáder Durán,co COL,FW,Aston Villa,21-146,2003,20,4,638.0,7.1,7,0,7,7,0,0,3,1,4.9,4.9,0.2,5.1,7,13,44,0.99,0.00,0.99,0.99,0.99,0.69,0.03,0.71,0.69,0.71,Matches,Jáder
489,Jørgen Strand Larsen,no NOR,FW,Wolves,25-091,2000,32,29,2463.0,27.4,13,2,15,13,0,0,4,0,10.0,10.0,2.4,12.4,16,28,106,0.48,0.07,0.55,0.48,0.55,0.37,0.09,0.45,0.37,0.45,Matches,Jørgen
229,Kai Havertz,de GER,"FW,MF",Arsenal,25-331,1999,21,21,1839.0,20.4,9,3,12,9,0,0,4,0,9.4,9.4,2.4,11.8,34,59,110,0.44,0.15,0.59,0.44,0.59,0.46,0.12,0.58,0.46,0.58,Matches,Kai
409,Kalvin Phillips,eng ENG,MF,Ipswich Town,29-157,1995,19,14,1237.0,13.7,0,0,0,0,0,0,6,1,0.4,0.4,0.2,0.7,4,51,4,0.00,0.00,0.00,0.00,0.00,0.03,0.02,0.05,0.03,0.05,Matches,Kalvin
491,Kamaldeen Sulemana,gh GHA,"FW,MF",Southampton,23-082,2002,23,14,1178.0,13.1,1,1,2,1,0,0,2,0,1.4,1.4,1.0,2.4,57,26,76,0.08,0.08,0.15,0.08,0.15,0.10,0.08,0.18,0.10,0.18,Matches,Kamaldeen
352,Kaoru Mitoma,jp JPN,"FW,MF",Brighton,27-353,1997,33,28,2521.0,28.0,9,3,12,9,0,0,1,0,8.8,8.8,4.4,13.2,138,82,277,0.32,0.11,0.43,0.32,0.43,0.31,0.16,0.47,0.31,0.47,Matches,Kaoru
337,Kasey McAteer,ie IRL,"FW,MF",Leicester City,23-167,2001,15,6,612.0,6.8,0,1,1,0,0,0,2,0,0.7,0.7,0.6,1.3,16,11,52,0.00,0.15,0.15,0.00,0.15,0.10,0.09,0.19,0.10,0.19,Matches,Kasey
302,Keane Lewis-Potter,eng ENG,"DF,FW",Brentford,24-075,2001,35,33,2839.0,31.5,1,3,4,1,0,0,6,0,2.6,2.6,3.0,5.6,92,90,144,0.03,0.10,0.13,0.03,0.13,0.08,0.10,0.18,0.08,0.18,Matches,Keane
501,Kenny Tete,nl NED,DF,Fulham,29-211,1995,19,18,1504.0,16.7,0,2,2,0,0,0,4,0,1.2,1.2,0.9,2.1,33,50,47,0.00,0.12,0.12,0.00,0.12,0.07,0.05,0.13,0.07,0.13,Matches,Kenny
35,Kepa Arrizabalaga,es ESP,GK,Bournemouth,30-217,1994,28,28,2520.0,28.0,0,0,0,0,0,0,3,0,0.1,0.1,0.0,0.1,0,2,0,0.00,0.00,0.00,0.00,0.00,0.00,0.00,0.00,0.00,0.00,Matches,Kepa
455,Kevin Schade,de GER,FW,Brentford,23-162,2001,35,23,2069.0,23.0,10,2,12,10,0,0,3,0,7.7,7.7,3.4,11.1,56,32,146,0.43,0.09,0.52,0.43,0.52,0.33,0.15,0.48,0.33,0.48,Matches,Kevin
125,Kevin De Bruyne,be BEL,"MF,FW",Manchester City,33-314,1991,25,17,1538.0,17.1,4,7,11,4,0,0,2,0,3.8,3.8,7.6,11.4,47,135,137,0.23,0.41,0.64,0.23,0.64,0.22,0.44,0.67,0.22,0.67,Matches,Kevin
121,Kevin Danso,at AUT,DF,Tottenham,26-231,1998,7,6,572.0,6.4,0,0,0,0,0,0,0,0,0.4,0.4,0.1,0.5,11,17,1,0.00,0.00,0.00,0.00,0.00,0.06,0.01,0.07,0.06,0.07,Matches,Kevin
505,Kieran Tierney,sct SCO,"DF,FW",Arsenal,27-337,1997,10,1,181.0,2.0,0,0,0,0,0,0,0,0,0.2,0.2,0.9,1.1,5,12,22,0.00,0.00,0.00,0.00,0.00,0.10,0.43,0.53,0.10,0.53,Matches,Kieran
517,Kieran Trippier,eng ENG,DF,Newcastle Utd,34-231,1990,24,14,1281.0,14.2,0,3,3,0,0,0,1,0,0.1,0.1,1.3,1.3,25,111,53,0.00,0.21,0.21,0.00,0.21,0.01,0.09,0.09,0.01,0.09,Matches,Kieran
130,Kiernan Dewsbury-Hall,eng ENG,"MF,FW",Chelsea,26-244,1998,12,2,259.0,2.9,0,1,1,0,0,0,0,0,0.2,0.2,1.1,1.3,5,14,11,0.00,0.35,0.35,0.00,0.35,0.08,0.37,0.45,0.08,0.45,Matches,Kiernan
320,Kobbie Mainoo,eng ENG,MF,Manchester Utd,20-019,2005,22,18,1506.0,16.7,0,0,0,0,0,0,5,0,0.6,0.6,1.6,2.2,21,59,42,0.00,0.00,0.00,0.00,0.00,0.03,0.09,0.13,0.03,0.13,Matches,Kobbie
333,Konstantinos Mavropanos,gr GRE,DF,West Ham,27-148,1997,31,20,1947.0,21.6,0,0,0,0,0,0,6,1,1.5,1.5,0.5,2.0,16,60,2,0.00,0.00,0.00,0.00,0.00,0.07,0.02,0.09,0.07,0.09,Matches,Konstantinos
372,Kosta Nedeljković,rs SRB,DF,Aston Villa,19-143,2005,5,0,126.0,1.4,0,0,0,0,0,0,0,0,0.0,0.0,0.0,0.0,1,6,0,0.00,0.00,0.00,0.00,0.00,0.00,0.00,0.00,0.00,0.00,Matches,Kosta
519,Kostas Tsimikas,gr GRE,DF,Liverpool,28-361,1996,17,8,747.0,8.3,0,1,1,0,0,0,2,0,0.4,0.4,2.1,2.5,16,71,42,0.00,0.12,0.12,0.00,0.12,0.05,0.26,0.30,0.05,0.30,Matches,Kostas
10,Kristoffer Ajer,no NOR,DF,Brentford,27-021,1998,22,17,1405.0,15.6,0,0,0,0,0,0,5,0,0.8,0.8,1.2,2.1,27,54,42,0.00,0.00,0.00,0.00,0.00,0.05,0.08,0.13,0.05,0.13,Matches,Kristoffer
534,Kyle Walker,eng ENG,DF,Manchester City,34-345,1990,15,9,970.0,10.8,0,0,0,0,0,0,3,0,0.1,0.1,0.4,0.6,12,64,11,0.00,0.00,0.00,0.00,0.00,0.01,0.04,0.05,0.01,0.05,Matches,Kyle
535,Kyle Walker-Peters,eng ENG,DF,Southampton,28-025,1997,33,33,2918.0,32.4,0,2,2,0,0,0,5,0,0.8,0.8,2.8,3.6,114,139,144,0.00,0.06,0.06,0.00,0.06,0.03,0.09,0.11,0.03,0.11,Matches,Kyle
61,Lamare Bogarde,nl NED,"DF,MF",Aston Villa,21-123,2004,8,5,476.0,5.3,0,0,0,0,0,0,2,0,0.0,0.0,0.1,0.2,12,14,9,0.00,0.00,0.00,0.00,0.00,0.01,0.02,0.03,0.01,0.03,Matches,Lamare
518,Leandro Trossard,be BEL,FW,Arsenal,30-155,1994,35,26,2354.0,26.2,8,5,13,8,0,0,4,1,6.8,6.8,5.3,12.0,75,95,207,0.31,0.19,0.50,0.31,0.50,0.26,0.20,0.46,0.26,0.46,Matches,Leandro
123,Leif Davis,eng ENG,DF,Ipswich Town,25-116,2000,31,30,2563.0,28.5,1,2,3,1,0,0,5,1,0.9,0.9,4.3,5.2,48,55,117,0.04,0.07,0.11,0.04,0.11,0.03,0.15,0.18,0.03,0.18,Matches,Leif
563,Leny Yoro,fr FRA,DF,Manchester Utd,19-176,2005,20,11,1114.0,12.4,0,0,0,0,0,0,5,0,0.7,0.7,0.1,0.8,19,52,4,0.00,0.00,0.00,0.00,0.00,0.06,0.01,0.06,0.06,0.06,Matches,Leny
43,Leon Bailey,jm JAM,"FW,MF",Aston Villa,27-272,1997,23,14,1138.0,12.6,1,2,3,1,0,0,3,0,1.7,1.7,1.5,3.3,57,35,121,0.08,0.16,0.24,0.08,0.24,0.14,0.12,0.26,0.14,0.26,Matches,Leon
523,Lesley Ugochukwu,fr FRA,MF,Southampton,21-043,2004,24,16,1525.0,16.9,1,1,2,1,0,0,6,0,0.9,0.9,1.0,1.9,29,49,20,0.06,0.06,0.12,0.06,0.12,0.05,0.06,0.11,0.05,0.11,Matches,Lesley
107,Levi Colwill,eng ENG,DF,Chelsea,22-071,2003,32,32,2879.0,32.0,1,1,2,1,0,0,8,0,1.3,1.3,1.1,2.5,13,125,11,0.03,0.03,0.06,0.03,0.06,0.04,0.04,0.08,0.04,0.08,Matches,Levi
347,Lewis Miley,eng ENG,MF,Newcastle Utd,19-007,2006,12,1,249.0,2.8,1,0,1,1,0,0,0,0,0.5,0.5,0.0,0.6,2,14,7,0.36,0.00,0.36,0.36,0.36,0.20,0.01,0.21,0.20,0.21,Matches,Lewis
224,Lewis Hall,eng ENG,DF,Newcastle Utd,20-242,2004,27,24,2189.0,24.3,0,4,4,0,0,0,3,0,0.4,0.4,4.3,4.7,41,123,80,0.00,0.16,0.16,0.00,0.16,0.02,0.18,0.19,0.02,0.19,Matches,Lewis
108,Lewis Cook,eng ENG,"MF,DF",Bournemouth,28-094,1997,34,30,2816.0,31.3,1,3,4,1,0,0,8,0,0.9,0.9,4.1,5.1,33,153,49,0.03,0.10,0.13,0.03,0.13,0.03,0.13,0.16,0.03,0.16,Matches,Lewis
152,Lewis Dunk,eng ENG,DF,Brighton,33-168,1991,25,23,2083.0,23.1,0,0,0,0,0,0,5,0,0.8,0.8,0.5,1.3,20,142,3,0.00,0.00,0.00,0.00,0.00,0.03,0.02,0.06,0.03,0.06,Matches,Lewis
127,Liam Delap,eng ENG,FW,Ipswich Town,22-089,2003,34,31,2491.0,27.7,12,2,14,10,2,2,10,0,9.3,7.7,1.9,9.6,60,30,105,0.43,0.07,0.51,0.36,0.43,0.34,0.07,0.40,0.28,0.35,Matches,Liam
329,Lisandro Martínez,ar ARG,DF,Manchester Utd,27-110,1998,20,20,1751.0,19.5,2,1,3,2,0,0,7,0,1.3,1.3,1.1,2.4,23,117,7,0.10,0.05,0.15,0.10,0.15,0.07,0.06,0.13,0.07,0.13,Matches,Lisandro
277,Lloyd Kelly,eng ENG,DF,Newcastle Utd,26-214,1998,10,4,303.0,3.4,0,1,1,0,0,0,2,0,0.4,0.4,0.5,0.9,0,9,5,0.00,0.30,0.30,0.00,0.30,0.12,0.14,0.26,0.12,0.26,Matches,Lloyd
135,Lucas Digne,fr FRA,DF,Aston Villa,31-292,1993,31,27,2261.0,25.1,0,4,4,0,0,0,4,0,0.8,0.8,4.4,5.1,23,55,140,0.00,0.16,0.16,0.00,0.16,0.03,0.17,0.20,0.03,0.20,Matches,Lucas
404,Lucas Paquetá,br BRA,"MF,FW",West Ham,27-254,1997,31,27,2336.0,26.0,4,0,4,2,2,2,9,0,5.2,3.6,3.1,6.7,22,145,82,0.15,0.00,0.15,0.08,0.08,0.20,0.12,0.32,0.14,0.26,Matches,Lucas
55,Lucas Bergvall,se SWE,MF,Tottenham,19-095,2006,27,11,1212.0,13.5,0,1,1,0,0,0,3,0,0.7,0.7,0.6,1.3,33,49,31,0.00,0.07,0.07,0.00,0.07,0.05,0.04,0.09,0.05,0.09,Matches,Lucas
470,Luis Sinisterra,co COL,"FW,MF",Bournemouth,25-325,1999,12,1,236.0,2.6,1,1,2,1,0,0,0,0,1.2,1.2,1.4,2.6,19,6,38,0.38,0.38,0.76,0.38,0.76,0.46,0.54,1.00,0.46,1.00,Matches,Luis
133,Luis Díaz,co COL,FW,Liverpool,28-115,1997,33,26,2225.0,24.7,12,5,17,12,0,0,2,0,10.0,10.0,4.9,14.9,103,103,269,0.49,0.20,0.69,0.49,0.69,0.40,0.20,0.60,0.40,0.60,Matches,Luis
217,Luis Guilherme,br BRA,"MF,FW",West Ham,19-088,2006,11,1,138.0,1.5,0,0,0,0,0,0,0,0,0.3,0.3,0.1,0.4,3,3,13,0.00,0.00,0.00,0.00,0.00,0.19,0.05,0.24,0.19,0.24,Matches,Luis
503,Luke Thomas,eng ENG,DF,Leicester City,23-332,2001,11,10,873.0,9.7,0,0,0,0,0,0,1,0,0.4,0.4,0.3,0.6,3,30,13,0.00,0.00,0.00,0.00,0.00,0.04,0.03,0.06,0.04,0.06,Matches,Luke
560,Luke Woolfenden,eng ENG,DF,Ipswich Town,26-199,1998,15,12,1187.0,13.2,0,0,0,0,0,0,2,0,0.0,0.0,0.0,0.0,7,15,0,0.00,0.00,0.00,0.00,0.00,0.00,0.00,0.00,0.00,0.00,Matches,Luke
464,Luke Shaw,eng ENG,DF,Manchester Utd,29-300,1995,5,2,218.0,2.4,0,0,0,0,0,0,1,0,0.0,0.0,0.7,0.7,6,18,7,0.00,0.00,0.00,0.00,0.00,0.01,0.29,0.31,0.01,0.31,Matches,Luke
438,Mads Roerslev,dk DEN,DF,Brentford,25-318,1999,19,11,1101.0,12.2,0,2,2,0,0,0,2,0,0.2,0.2,3.0,3.2,17,51,54,0.00,0.16,0.16,0.00,0.16,0.02,0.24,0.26,0.02,0.26,Matches,Mads
235,Mads Hermansen,dk DEN,GK,Leicester City,24-301,2000,27,27,2385.0,26.5,0,0,0,0,0,0,1,0,0.0,0.0,0.0,0.0,0,1,0,0.00,0.00,0.00,0.00,0.00,0.00,0.00,0.00,0.00,0.00,Matches,Mads
221,Malo Gusto,fr FRA,DF,Chelsea,21-354,2003,29,19,1832.0,20.4,0,1,1,0,0,0,4,0,1.7,1.7,1.3,3.0,49,119,84,0.00,0.05,0.05,0.00,0.05,0.08,0.06,0.15,0.08,0.15,Matches,Malo
11,Manuel Akanji,ch SUI,DF,Manchester City,29-293,1995,23,20,1744.0,19.4,0,0,0,0,0,0,3,0,0.7,0.7,0.4,1.1,38,138,6,0.00,0.00,0.00,0.00,0.00,0.04,0.02,0.06,0.04,0.06,Matches,Manuel
522,Manuel Ugarte Ribeiro,uy URU,MF,Manchester Utd,24-027,2001,27,21,1706.0,19.0,1,2,3,1,0,0,10,0,1.0,1.0,1.1,2.1,16,59,20,0.05,0.11,0.16,0.05,0.16,0.05,0.06,0.11,0.05,0.11,Matches,Manuel
216,Marc Guéhi,eng ENG,DF,Crystal Palace,24-299,2000,33,33,2969.0,33.0,3,2,5,3,0,0,9,1,2.0,2.0,1.5,3.5,22,128,10,0.09,0.06,0.15,0.09,0.15,0.06,0.05,0.11,0.06,0.11,Matches,Marc
113,Marc Cucurella,es ESP,DF,Chelsea,26-290,1998,33,30,2718.0,30.2,4,1,5,4,0,0,10,1,2.6,2.6,2.1,4.7,31,107,108,0.13,0.03,0.17,0.13,0.17,0.09,0.07,0.16,0.09,0.16,Matches,Marc
36,Marco Asensio,es ESP,"MF,FW",Aston Villa,29-107,1996,10,6,540.0,6.0,3,1,4,3,0,2,1,0,4.2,2.6,0.8,3.4,16,34,26,0.50,0.17,0.67,0.50,0.67,0.70,0.14,0.84,0.43,0.57,Matches,Marco
462,Marcos Senesi,ar ARG,DF,Bournemouth,27-363,1997,15,12,1014.0,11.3,0,0,0,0,0,0,5,0,0.8,0.8,0.2,1.0,12,51,5,0.00,0.00,0.00,0.00,0.00,0.07,0.02,0.09,0.07,0.09,Matches,Marcos
497,Marcus Tavernier,eng ENG,"FW,MF",Bournemouth,26-047,1999,26,17,1670.0,18.6,3,5,8,3,0,0,5,0,5.3,5.3,2.8,8.1,41,102,106,0.16,0.27,0.43,0.16,0.43,0.29,0.15,0.44,0.29,0.44,Matches,Marcus
422,Marcus Rashford,eng ENG,"FW,MF",Manchester Utd,27-189,1997,15,12,978.0,10.9,4,1,5,4,0,0,2,0,1.7,1.7,2.1,3.8,20,21,79,0.37,0.09,0.46,0.37,0.46,0.16,0.19,0.35,0.16,0.35,Matches,Marcus
423,Marcus Rashford,eng ENG,FW,Aston Villa,27-189,1997,10,4,444.0,4.9,2,2,4,1,1,1,0,0,3.1,2.3,2.3,4.5,22,13,42,0.41,0.41,0.81,0.20,0.61,0.62,0.46,1.08,0.46,0.92,Matches,Marcus
298,Mario Lemina,ga GAB,"MF,DF",Wolves,31-249,1993,17,15,1364.0,15.2,1,3,4,1,0,0,4,0,1.4,1.4,1.1,2.5,8,48,21,0.07,0.20,0.26,0.07,0.26,0.09,0.07,0.17,0.09,0.17,Matches,Mario
182,Mark Flekken,nl NED,GK,Brentford,31-329,1993,34,34,3005.0,33.4,0,2,2,0,0,0,1,0,0.0,0.0,0.5,0.5,0,0,0,0.00,0.06,0.06,0.00,0.06,0.00,0.02,0.02,0.00,0.02,Matches,Mark
515,Mark Travers,ie IRL,GK,Bournemouth,25-355,1999,5,5,450.0,5.0,0,0,0,0,0,0,0,0,0.0,0.0,0.0,0.0,0,0,0,0.00,0.00,0.00,0.00,0.00,0.00,0.00,0.00,0.00,0.00,Matches,Mark
363,Marshall Munetsi,zw ZIM,"MF,FW",Wolves,28-320,1996,11,10,878.0,9.8,1,1,2,1,0,0,0,0,3.0,3.0,1.5,4.5,7,8,26,0.10,0.10,0.21,0.10,0.21,0.31,0.15,0.46,0.31,0.46,Matches,Marshall
568,Martin Ødegaard,no NOR,MF,Arsenal,26-142,1998,27,24,2130.0,23.7,2,7,9,1,1,1,4,0,4.6,3.8,5.0,8.8,82,240,144,0.08,0.30,0.38,0.04,0.34,0.19,0.21,0.41,0.16,0.37,Matches,Martin
151,Martin Dúbravka,sk SVK,GK,Newcastle Utd,36-113,1989,10,10,900.0,10.0,0,0,0,0,0,0,0,0,0.0,0.0,0.0,0.0,0,0,0,0.00,0.00,0.00,0.00,0.00,0.00,0.00,0.00,0.00,0.00,Matches,Martin
360,Mason Mount,eng ENG,"MF,FW",Manchester Utd,26-118,1999,14,5,430.0,4.8,1,0,1,1,0,0,3,0,2.3,2.3,0.2,2.5,11,21,23,0.21,0.00,0.21,0.21,0.21,0.48,0.04,0.52,0.48,0.52,Matches,Mason
312,Massimo Luongo,au AUS,MF,Ipswich Town,32-225,1992,9,2,196.0,2.2,0,0,0,0,0,0,0,0,0.0,0.0,0.0,0.0,0,5,1,0.00,0.00,0.00,0.00,0.00,0.00,0.00,0.00,0.00,0.00,Matches,Massimo
288,Mateo Kovačić,hr CRO,MF,Manchester City,31-002,1994,29,23,2049.0,22.8,6,1,7,6,0,0,5,0,1.7,1.7,3.6,5.3,52,149,15,0.26,0.04,0.31,0.26,0.31,0.08,0.16,0.23,0.08,0.23,Matches,Mateo
180,Mateus Fernandes,pt POR,MF,Southampton,20-302,2004,33,31,2640.0,29.3,2,3,5,2,0,0,8,0,3.8,3.8,2.6,6.4,73,131,102,0.07,0.10,0.17,0.07,0.17,0.13,0.09,0.22,0.13,0.22,Matches,Mateus
380,Matheus Nunes,pt POR,"DF,MF",Manchester City,26-254,1998,24,17,1494.0,16.6,1,5,6,1,0,0,4,0,0.9,0.9,4.2,5.1,59,69,156,0.06,0.30,0.36,0.06,0.36,0.05,0.25,0.31,0.05,0.31,Matches,Matheus
115,Matheus Cunha,br BRA,"MF,FW",Wolves,25-346,1999,30,27,2425.0,26.9,15,6,21,15,0,0,3,0,7.9,7.9,7.3,15.2,104,131,147,0.56,0.22,0.78,0.56,0.78,0.29,0.27,0.57,0.29,0.57,Matches,Matheus
257,Mathias Jensen,dk DEN,MF,Brentford,29-127,1996,21,8,816.0,9.1,0,2,2,0,0,0,2,0,0.2,0.2,1.6,1.8,6,56,26,0.00,0.22,0.22,0.00,0.22,0.03,0.18,0.20,0.03,0.20,Matches,Mathias
500,Mathys Tel,fr FRA,FW,Tottenham,20-011,2005,10,8,649.0,7.2,2,1,3,1,1,1,1,0,2.3,1.5,1.4,2.9,18,16,57,0.28,0.14,0.42,0.14,0.28,0.32,0.19,0.51,0.21,0.40,Matches,Mathys
549,Mats Wieffer,nl NED,"MF,DF",Brighton,25-173,1999,22,7,745.0,8.3,1,3,4,1,0,0,5,0,0.7,0.7,1.5,2.2,13,52,18,0.12,0.36,0.48,0.12,0.48,0.09,0.18,0.27,0.09,0.27,Matches,Mats
385,Matt O'Riley,dk DEN,MF,Brighton,24-168,2000,18,10,847.0,9.4,1,1,2,1,0,0,1,0,2.0,2.0,1.7,3.6,19,34,47,0.11,0.11,0.21,0.11,0.21,0.21,0.18,0.39,0.21,0.39,Matches,Matt
141,Matt Doherty,ie IRL,DF,Wolves,33-112,1992,28,23,1965.0,21.8,2,1,3,2,0,0,6,0,1.0,1.0,1.5,2.5,29,76,40,0.09,0.05,0.14,0.09,0.14,0.05,0.07,0.12,0.05,0.12,Matches,Matt
304,Matthijs de Ligt,nl NED,DF,Manchester Utd,25-269,1999,29,25,2123.0,23.6,2,0,2,2,0,0,3,0,2.5,2.5,0.3,2.8,7,55,6,0.08,0.00,0.08,0.08,0.08,0.10,0.01,0.12,0.10,0.12,Matches,Matthijs
88,Matty Cash,pl POL,DF,Aston Villa,27-274,1997,24,21,1800.0,20.0,1,1,2,1,0,0,6,0,0.3,0.3,1.1,1.4,46,39,75,0.05,0.05,0.10,0.05,0.10,0.02,0.05,0.07,0.02,0.07,Matches,Matty
459,Matz Sels,be BEL,GK,Nott'ham Forest,33-071,1992,35,35,3150.0,35.0,0,0,0,0,0,0,4,0,0.0,0.0,0.0,0.0,0,1,0,0.00,0.00,0.00,0.00,0.00,0.00,0.00,0.00,0.00,0.00,Matches,Matz
281,Max Kilman,eng ENG,DF,West Ham,27-350,1997,35,35,3078.0,34.2,0,1,1,0,0,0,4,0,1.4,1.4,1.2,2.6,29,107,6,0.00,0.03,0.03,0.00,0.03,0.04,0.03,0.08,0.04,0.08,Matches,Max
293,Maxence Lacroix,fr FRA,DF,Crystal Palace,25-032,2000,32,32,2846.0,31.6,1,1,2,1,0,0,5,0,3.1,3.1,0.8,3.9,8,61,7,0.03,0.03,0.06,0.03,0.06,0.10,0.02,0.12,0.10,0.12,Matches,Maxence
274,Michael Kayode,it ITA,DF,Brentford,20-302,2004,9,3,291.0,3.2,0,1,1,0,0,0,1,0,0.1,0.1,1.0,1.1,8,5,16,0.00,0.31,0.31,0.00,0.31,0.02,0.30,0.33,0.02,0.33,Matches,Michael
275,Michael Keane,eng ENG,DF,Everton,32-117,1993,11,9,852.0,9.5,2,0,2,2,0,0,5,0,0.4,0.4,0.1,0.5,1,12,3,0.21,0.00,0.21,0.21,0.21,0.05,0.01,0.06,0.05,0.06,Matches,Michael
27,Michail Antonio,jm JAM,FW,West Ham,35-041,1990,14,11,836.0,9.3,1,1,2,1,0,0,1,0,2.2,2.2,1.6,3.8,29,18,59,0.11,0.11,0.22,0.11,0.22,0.24,0.17,0.41,0.24,0.41,Matches,Michail
529,Micky van de Ven,nl NED,DF,Tottenham,24-019,2001,12,11,950.0,10.6,0,2,2,0,0,0,4,0,0.6,0.6,1.2,1.7,8,51,1,0.00,0.19,0.19,0.00,0.19,0.05,0.11,0.16,0.05,0.16,Matches,Micky
17,Miguel Almirón,py PAR,FW,Newcastle Utd,31-087,1994,9,1,157.0,1.7,0,0,0,0,0,0,0,0,0.5,0.5,0.3,0.8,3,6,18,0.00,0.00,0.00,0.00,0.00,0.30,0.15,0.45,0.30,0.45,Matches,Miguel
344,Mikel Merino,es ESP,"MF,FW",Arsenal,28-320,1996,26,15,1418.0,15.8,6,2,8,6,0,0,2,0,4.4,4.4,1.9,6.3,9,62,88,0.38,0.13,0.51,0.38,0.51,0.28,0.12,0.40,0.28,0.40,Matches,Mikel
355,Mikey Moore,eng ENG,FW,Tottenham,17-270,2007,8,2,208.0,2.3,0,1,1,0,0,0,0,0,0.2,0.2,0.3,0.5,9,7,31,0.00,0.43,0.43,0.00,0.43,0.09,0.15,0.23,0.09,0.23,Matches,Mikey
118,Mikkel Damsgaard,dk DEN,"MF,FW",Brentford,24-309,2000,35,31,2658.0,29.5,2,10,12,2,0,0,2,0,2.6,2.6,7.8,10.4,64,213,121,0.07,0.34,0.41,0.07,0.41,0.09,0.26,0.35,0.09,0.35,Matches,Mikkel
278,Milos Kerkez,hu HUN,DF,Bournemouth,21-182,2003,35,35,3077.0,34.2,2,5,7,2,0,0,4,0,0.5,0.5,3.7,4.2,96,144,169,0.06,0.15,0.20,0.06,0.20,0.02,0.11,0.12,0.01,0.12,Matches,Milos
444,Mohamed Salah,eg EGY,FW,Liverpool,32-327,1992,35,35,3101.0,34.5,28,18,46,19,9,9,1,0,24.0,17.0,13.2,30.1,143,133,440,0.81,0.52,1.34,0.55,1.07,0.70,0.38,1.08,0.49,0.87,Matches,Mohamed
291,Mohammed Kudus,gh GHA,"FW,MF",West Ham,24-279,2000,29,29,2421.0,26.9,4,2,6,4,0,0,2,1,6.6,6.6,2.5,9.0,93,76,201,0.15,0.07,0.22,0.15,0.22,0.24,0.09,0.34,0.24,0.34,Matches,Mohammed
79,Moisés Caicedo,ec ECU,"MF,DF",Chelsea,23-187,2001,35,35,3081.0,34.2,1,2,3,1,0,0,10,0,0.8,0.8,3.0,3.7,38,197,33,0.03,0.06,0.09,0.03,0.09,0.02,0.09,0.11,0.02,0.11,Matches,Moisés
356,Morato,br BRA,DF,Nott'ham Forest,23-312,2001,24,5,809.0,9.0,0,0,0,0,0,0,3,0,0.2,0.2,0.0,0.2,0,14,1,0.00,0.00,0.00,0.00,0.00,0.02,0.00,0.02,0.02,0.02,Matches,Morato
197,Morgan Gibbs-White,eng ENG,MF,Nott'ham Forest,25-101,2000,31,31,2541.0,28.2,5,7,12,5,0,0,11,1,4.7,4.7,4.5,9.3,64,153,118,0.18,0.25,0.43,0.18,0.43,0.17,0.16,0.33,0.17,0.33,Matches,Morgan
439,Morgan Rogers,eng ENG,"FW,MF",Aston Villa,22-286,2002,34,34,2853.0,31.7,8,8,16,8,0,0,9,0,6.2,6.2,7.4,13.6,108,117,177,0.25,0.25,0.50,0.25,0.50,0.20,0.23,0.43,0.20,0.43,Matches,Morgan
367,Murillo,br BRA,DF,Nott'ham Forest,22-308,2002,34,34,3008.0,33.4,2,0,2,2,0,0,5,0,1.4,1.4,1.1,2.5,20,103,5,0.06,0.00,0.06,0.06,0.06,0.04,0.03,0.07,0.04,0.07,Matches,Murillo
362,Mykhailo Mudryk,ua UKR,FW,Chelsea,24-123,2001,7,1,151.0,1.7,0,0,0,0,0,0,0,0,0.3,0.3,1.0,1.2,7,5,12,0.00,0.00,0.00,0.00,0.00,0.15,0.58,0.73,0.15,0.73,Matches,Mykhailo
303,Myles Lewis-Skelly,eng ENG,DF,Arsenal,18-224,2006,20,13,1168.0,13.0,1,0,1,1,0,0,2,2,0.1,0.1,0.4,0.5,32,62,33,0.08,0.00,0.08,0.08,0.08,0.01,0.03,0.04,0.01,0.04,Matches,Myles
406,Nathan Patterson,sct SCO,DF,Everton,23-204,2001,10,3,347.0,3.9,0,1,1,0,0,0,1,0,0.1,0.1,0.4,0.5,6,13,18,0.00,0.26,0.26,0.00,0.26,0.02,0.11,0.13,0.02,0.13,Matches,Nathan
69,Nathan Broadhead,wls WAL,"MF,FW",Ipswich Town,27-033,1998,16,6,605.0,6.7,1,0,1,1,0,0,1,0,1.5,1.5,0.6,2.1,17,12,27,0.15,0.00,0.15,0.15,0.15,0.22,0.10,0.32,0.22,0.32,Matches,Nathan
559,Nathan Wood-Gordon,eng ENG,DF,Southampton,22-342,2002,9,7,624.0,6.9,0,0,0,0,0,0,2,0,0.2,0.2,0.0,0.3,2,17,0,0.00,0.00,0.00,0.00,0.00,0.03,0.00,0.04,0.03,0.04,Matches,Nathan
105,Nathan Collins,ie IRL,DF,Brentford,24-008,2001,35,35,3150.0,35.0,2,3,5,2,0,0,5,0,2.5,2.5,1.8,4.3,28,117,18,0.06,0.09,0.14,0.06,0.14,0.07,0.05,0.12,0.07,0.12,Matches,Nathan
12,Nathan Aké,nl NED,DF,Manchester City,30-079,1995,10,8,678.0,7.5,0,0,0,0,0,0,0,0,0.2,0.2,0.0,0.2,12,50,2,0.00,0.00,0.00,0.00,0.00,0.03,0.00,0.03,0.03,0.03,Matches,Nathan
102,Nathaniel Clyne,eng ENG,"DF,MF",Crystal Palace,34-033,1991,13,5,483.0,5.4,0,0,0,0,0,0,1,0,0.0,0.0,0.3,0.3,6,7,8,0.00,0.00,0.00,0.00,0.00,0.00,0.06,0.06,0.00,0.06,Matches,Nathaniel
550,Neco Williams,wls WAL,DF,Nott'ham Forest,24-025,2001,32,25,2324.0,25.8,1,3,4,1,0,0,7,0,2.3,2.3,1.5,3.8,60,82,86,0.04,0.12,0.15,0.04,0.15,0.09,0.06,0.15,0.09,0.15,Matches,Neco
375,Neto,br BRA,GK,Bournemouth,35-293,1989,2,2,180.0,2.0,0,0,0,0,0,0,0,0,0.0,0.0,0.0,0.0,0,0,0,0.00,0.00,0.00,0.00,0.00,0.00,0.00,0.00,0.00,0.00,Matches,Neto
416,Nick Pope,eng ENG,GK,Newcastle Utd,33-019,1992,25,25,2250.0,25.0,0,0,0,0,0,0,2,0,0.0,0.0,0.0,0.0,0,1,0,0.00,0.00,0.00,0.00,0.00,0.00,0.00,0.00,0.00,0.00,Matches,Nick
190,Niclas Füllkrug,de GER,FW,West Ham,32-088,1993,15,5,668.0,7.4,3,2,5,3,0,0,2,0,2.0,2.0,1.9,3.9,6,11,25,0.40,0.27,0.67,0.40,0.67,0.27,0.25,0.52,0.27,0.52,Matches,Niclas
400,Nico O’Reilly,eng ENG,DF,Manchester City,20-048,2005,8,6,513.0,5.7,2,0,2,2,0,0,0,0,1.3,1.3,0.4,1.6,16,17,25,0.35,0.00,0.35,0.35,0.35,0.23,0.06,0.29,0.23,0.29,Matches,Nico
252,Nicolas Jackson,sn SEN,FW,Chelsea,23-322,2001,29,27,2185.0,24.3,10,5,15,10,0,0,7,0,12.3,12.3,4.3,16.6,46,37,127,0.41,0.21,0.62,0.41,0.62,0.51,0.18,0.68,0.51,0.68,Matches,Nicolas
207,Nicolás González,es ESP,MF,Manchester City,23-125,2002,9,8,648.0,7.2,0,0,0,0,0,0,3,0,0.3,0.3,0.1,0.3,5,46,10,0.00,0.00,0.00,0.00,0.00,0.04,0.01,0.05,0.04,0.05,Matches,Nicolás
143,Nicolás Domínguez,ar ARG,"MF,FW",Nott'ham Forest,26-314,1998,31,20,1734.0,19.3,0,1,1,0,0,0,9,0,1.4,1.4,1.3,2.7,13,68,27,0.00,0.05,0.05,0.00,0.05,0.07,0.07,0.14,0.07,0.14,Matches,Nicolás
346,Nikola Milenković,rs SRB,DF,Nott'ham Forest,27-208,1997,34,34,3060.0,34.0,4,2,6,4,0,0,4,0,3.6,3.6,1.0,4.6,3,49,6,0.12,0.06,0.18,0.12,0.18,0.10,0.03,0.13,0.10,0.13,Matches,Nikola
316,Noni Madueke,eng ENG,FW,Chelsea,23-059,2002,29,24,1813.0,20.1,7,3,10,7,0,0,3,0,9.1,9.1,4.0,13.1,142,66,212,0.35,0.15,0.50,0.35,0.50,0.45,0.20,0.65,0.45,0.65,Matches,Noni
334,Noussair Mazraoui,ma MAR,DF,Manchester Utd,27-175,1997,34,31,2639.0,29.3,0,1,1,0,0,0,2,0,0.7,0.7,1.3,2.0,37,102,51,0.00,0.03,0.03,0.00,0.03,0.02,0.05,0.07,0.02,0.07,Matches,Noussair
460,Nélson Semedo,pt POR,DF,Wolves,31-173,1993,31,30,2661.0,29.6,0,4,4,0,0,0,7,0,0.8,0.8,2.7,3.5,61,70,109,0.00,0.14,0.14,0.00,0.14,0.03,0.09,0.12,0.03,0.12,Matches,Nélson
156,Odsonne Édouard,fr FRA,"MF,FW",Crystal Palace,27-112,1998,2,1,115.0,1.3,0,0,0,0,0,0,0,0,0.4,0.4,0.0,0.4,2,4,7,0.00,0.00,0.00,0.00,0.00,0.31,0.04,0.34,0.31,0.34,Matches,Odsonne
8,Ola Aina,ng NGA,DF,Nott'ham Forest,28-212,1996,32,32,2733.0,30.4,2,1,3,2,0,0,3,0,0.6,0.6,1.1,1.8,59,97,56,0.07,0.03,0.10,0.07,0.10,0.02,0.04,0.06,0.02,0.06,Matches,Ola
566,Oleksandr Zinchenko,ua UKR,"DF,MF",Arsenal,28-144,1996,13,4,455.0,5.1,0,1,1,0,0,0,1,0,0.3,0.3,0.1,0.4,10,37,12,0.00,0.20,0.20,0.00,0.20,0.05,0.03,0.08,0.05,0.08,Matches,Oleksandr
453,Oliver Scarles,eng ENG,DF,West Ham,19-147,2005,14,6,594.0,6.6,0,0,0,0,0,0,1,0,0.1,0.1,0.0,0.1,11,21,39,0.00,0.00,0.00,0.00,0.00,0.02,0.00,0.02,0.02,0.02,Matches,Oliver
471,Oliver Skipp,eng ENG,MF,Leicester City,24-234,2000,21,8,996.0,11.1,0,0,0,0,0,0,8,0,0.2,0.2,0.3,0.4,16,31,19,0.00,0.00,0.00,0.00,0.00,0.01,0.02,0.04,0.01,0.04,Matches,Oliver
542,Ollie Watkins,eng ENG,FW,Aston Villa,29-129,1995,35,28,2333.0,25.9,15,7,22,13,2,2,2,0,14.7,13.2,3.0,16.2,52,29,148,0.58,0.27,0.85,0.50,0.77,0.57,0.12,0.69,0.51,0.62,Matches,Ollie
326,Omar Marmoush,eg EGY,"FW,MF",Manchester City,26-090,1999,13,12,998.0,11.1,6,0,6,6,0,0,0,0,4.8,4.8,1.7,6.5,21,29,68,0.54,0.00,0.54,0.54,0.54,0.43,0.15,0.59,0.43,0.59,Matches,Omar
244,Omari Hutchinson,eng ENG,"MF,FW",Ipswich Town,21-190,2003,28,27,2313.0,25.7,3,2,5,3,0,0,5,0,2.4,2.4,2.7,5.1,74,71,135,0.12,0.08,0.19,0.12,0.19,0.09,0.11,0.20,0.09,0.20,Matches,Omari
323,Orel Mangala,be BEL,MF,Everton,27-051,1998,19,14,1261.0,14.0,1,0,1,1,0,0,2,0,1.1,1.1,0.6,1.8,6,34,19,0.07,0.00,0.07,0.07,0.07,0.08,0.05,0.13,0.08,0.13,Matches,Orel
449,Pablo Sarabia,es ESP,"MF,FW",Wolves,32-362,1992,21,6,716.0,8.0,3,2,5,3,0,0,3,0,2.9,2.9,1.6,4.5,12,51,52,0.38,0.25,0.63,0.38,0.63,0.36,0.20,0.56,0.36,0.56,Matches,Pablo
330,Pape Matar Sarr,sn SEN,MF,Tottenham,22-236,2002,33,19,1726.0,19.2,3,2,5,3,0,0,6,0,3.3,3.3,1.6,4.9,32,85,50,0.16,0.10,0.26,0.16,0.26,0.17,0.08,0.26,0.17,0.26,Matches,Pape
144,Patrick Dorgu,dk DEN,DF,Manchester Utd,20-194,2004,9,8,630.0,7.0,0,0,0,0,0,0,3,1,0.4,0.4,0.4,0.8,27,23,54,0.00,0.00,0.00,0.00,0.00,0.05,0.06,0.12,0.05,0.12,Matches,Patrick
116,Patson Daka,zm ZAM,"FW,MF",Leicester City,26-211,1998,21,5,653.0,7.3,1,0,1,1,0,0,0,0,1.3,1.3,0.1,1.3,10,8,34,0.14,0.00,0.14,0.14,0.14,0.17,0.01,0.18,0.17,0.18,Matches,Patson
511,Pau Torres,es ESP,DF,Aston Villa,28-112,1997,21,21,1819.0,20.2,0,0,0,0,0,0,1,0,0.5,0.5,0.1,0.6,33,77,4,0.00,0.00,0.00,0.00,0.00,0.03,0.00,0.03,0.03,0.03,Matches,Pau
394,Paul Onuachu,ng NGA,FW,Southampton,30-345,1994,24,11,1029.0,11.4,4,1,5,4,0,0,4,0,3.6,3.6,0.5,4.1,7,13,40,0.35,0.09,0.44,0.35,0.44,0.32,0.04,0.36,0.32,0.36,Matches,Paul
417,Pedro Porro,es ESP,DF,Tottenham,25-237,1999,31,26,2463.0,27.4,2,6,8,2,0,0,4,0,1.5,1.5,4.0,5.5,63,147,106,0.07,0.22,0.29,0.07,0.29,0.06,0.15,0.20,0.06,0.20,Matches,Pedro
376,Pedro Neto,pt POR,FW,Chelsea,25-060,2000,32,21,2013.0,22.4,4,5,9,4,0,0,8,0,2.9,2.9,6.1,9.0,118,57,229,0.18,0.22,0.40,0.18,0.40,0.13,0.27,0.40,0.13,0.40,Matches,Pedro
168,Pervis Estupiñán,ec ECU,DF,Brighton,27-107,1998,28,24,2222.0,24.7,1,1,2,1,0,0,5,0,1.1,1.1,2.1,3.1,55,116,107,0.04,0.04,0.08,0.04,0.08,0.04,0.08,0.13,0.04,0.13,Matches,Pervis
183,Phil Foden,eng ENG,"MF,FW",Manchester City,24-345,2000,26,19,1693.0,18.8,7,2,9,7,0,0,2,0,5.1,5.1,4.7,9.8,47,95,119,0.37,0.11,0.48,0.37,0.48,0.27,0.25,0.52,0.27,0.52,Matches,Phil
58,Philip Billing,dk DEN,MF,Bournemouth,28-331,1996,10,1,184.0,2.0,0,0,0,0,0,0,1,0,0.6,0.6,1.1,1.7,3,15,13,0.00,0.00,0.00,0.00,0.00,0.28,0.54,0.82,0.28,0.82,Matches,Philip
150,Radu Drăgușin,ro ROU,DF,Tottenham,23-094,2002,16,14,1252.0,13.9,0,0,0,0,0,0,1,0,0.1,0.1,0.4,0.5,7,37,2,0.00,0.00,0.00,0.00,0.00,0.01,0.03,0.04,0.01,0.04,Matches,Radu
485,Raheem Sterling,eng ENG,"FW,MF",Arsenal,30-151,1994,16,6,437.0,4.9,0,2,2,0,0,0,1,0,1.3,1.3,0.5,1.8,25,17,73,0.00,0.41,0.41,0.00,0.41,0.27,0.10,0.37,0.27,0.37,Matches,Raheem
478,Ramón Sosa,py PAR,"FW,MF",Nott'ham Forest,25-250,1999,19,1,295.0,3.3,1,0,1,1,0,0,1,0,1.0,1.0,0.5,1.5,12,6,17,0.31,0.00,0.31,0.31,0.31,0.31,0.15,0.45,0.31,0.45,Matches,Ramón
245,Rasmus Højlund,dk DEN,FW,Manchester Utd,22-093,2003,29,20,1744.0,19.4,4,0,4,4,0,0,2,0,3.8,3.8,1.3,5.1,26,16,83,0.21,0.00,0.21,0.21,0.21,0.20,0.06,0.26,0.20,0.26,Matches,Rasmus
9,Rayan Aït-Nouri,dz ALG,DF,Wolves,23-336,2001,34,34,2865.0,31.8,4,7,11,4,0,0,7,1,2.6,2.6,4.7,7.3,79,100,158,0.13,0.22,0.35,0.13,0.35,0.08,0.15,0.23,0.08,0.23,Matches,Rayan
259,Raúl Jiménez,mx MEX,FW,Fulham,34-003,1991,35,27,2224.0,24.7,10,3,13,7,3,3,4,0,11.2,8.8,3.2,12.0,32,56,119,0.40,0.12,0.53,0.28,0.40,0.45,0.13,0.58,0.36,0.48,Matches,Raúl
253,Reece James,eng ENG,"DF,MF",Chelsea,25-151,1999,16,10,838.0,9.3,1,0,1,1,0,0,1,0,0.3,0.3,0.5,0.8,6,51,10,0.11,0.00,0.11,0.11,0.11,0.03,0.06,0.09,0.03,0.09,Matches,Reece
374,Reiss Nelson,eng ENG,FW,Fulham,25-149,1999,11,5,487.0,5.4,1,1,2,1,0,0,1,0,1.1,1.1,1.0,2.1,45,35,63,0.18,0.18,0.37,0.18,0.37,0.20,0.18,0.39,0.20,0.39,Matches,Reiss
527,Renato Veiga,pt POR,"DF,MF",Chelsea,21-283,2003,7,1,181.0,2.0,0,0,0,0,0,0,2,0,0.1,0.1,0.0,0.1,4,7,3,0.00,0.00,0.00,0.00,0.00,0.07,0.00,0.07,0.07,0.07,Matches,Renato
408,Ricardo Pereira,pt POR,DF,Leicester City,31-214,1993,8,4,342.0,3.8,0,0,0,0,0,0,1,0,0.1,0.1,0.0,0.1,3,14,5,0.00,0.00,0.00,0.00,0.00,0.02,0.00,0.02,0.02,0.02,Matches,Ricardo
82,Riccardo Calafiori,it ITA,DF,Arsenal,22-354,2002,17,11,925.0,10.3,2,1,3,2,0,0,4,0,0.9,0.9,0.3,1.1,21,54,29,0.19,0.10,0.29,0.19,0.29,0.08,0.03,0.11,0.08,0.11,Matches,Riccardo
432,Richarlison,br BRA,FW,Tottenham,27-363,1997,13,4,475.0,5.3,4,1,5,4,0,0,2,0,3.7,3.7,0.9,4.6,8,11,22,0.76,0.19,0.95,0.76,0.95,0.70,0.17,0.87,0.70,0.87,Matches,Richarlison
301,Rico Lewis,eng ENG,"DF,MF",Manchester City,20-168,2004,27,20,1818.0,20.2,1,2,3,1,0,0,5,1,1.4,1.4,0.3,1.7,36,104,68,0.05,0.10,0.15,0.05,0.15,0.07,0.02,0.08,0.07,0.08,Matches,Rico
446,Robert Sánchez,es ESP,GK,Chelsea,27-171,1997,29,29,2610.0,29.0,0,0,0,0,0,0,5,0,0.0,0.0,0.1,0.1,0,1,0,0.00,0.00,0.00,0.00,0.00,0.00,0.00,0.00,0.00,0.00,Matches,Robert
391,Robin Olsen,se SWE,GK,Aston Villa,35-120,1990,3,1,180.0,2.0,0,0,0,0,0,0,0,0,0.0,0.0,0.0,0.0,0,0,0,0.00,0.00,0.00,0.00,0.00,0.00,0.00,0.00,0.00,0.00,Matches,Robin
203,Rodrigo Gomes,pt POR,"DF,FW",Wolves,21-305,2003,22,6,672.0,7.5,2,0,2,2,0,0,0,0,0.6,0.6,0.9,1.5,22,25,65,0.27,0.00,0.27,0.27,0.27,0.08,0.12,0.20,0.08,0.20,Matches,Rodrigo
364,Rodrigo Muniz,br BRA,FW,Fulham,24-004,2001,31,8,964.0,10.7,8,1,9,8,0,0,1,0,5.8,5.8,0.7,6.5,6,27,31,0.75,0.09,0.84,0.75,0.84,0.54,0.07,0.61,0.54,0.61,Matches,Rodrigo
52,Rodrigo Bentancur,uy URU,MF,Tottenham,27-317,1997,23,19,1518.0,16.9,2,0,2,2,0,0,7,0,1.3,1.3,0.4,1.7,26,99,34,0.12,0.00,0.12,0.12,0.12,0.08,0.03,0.10,0.08,0.10,Matches,Rodrigo
297,Roméo Lavia,be BEL,MF,Chelsea,21-122,2004,13,10,684.0,7.6,0,1,1,0,0,0,4,0,0.2,0.2,0.7,0.9,3,24,7,0.00,0.13,0.13,0.00,0.13,0.02,0.10,0.12,0.02,0.12,Matches,Roméo
486,Ross Stewart,sct SCO,FW,Southampton,28-301,1996,9,3,286.0,3.2,0,0,0,0,0,0,1,0,0.3,0.3,0.0,0.3,1,1,6,0.00,0.00,0.00,0.00,0.00,0.08,0.00,0.08,0.08,0.08,Matches,Ross
45,Ross Barkley,eng ENG,MF,Aston Villa,31-154,1993,18,3,571.0,6.3,3,1,4,3,0,0,3,0,1.7,1.7,0.6,2.3,15,33,10,0.47,0.16,0.63,0.47,0.63,0.27,0.10,0.37,0.27,0.37,Matches,Ross
463,Ryan Sessegnon,eng ENG,"FW,DF",Fulham,24-355,2000,13,6,470.0,5.2,4,2,6,4,0,0,1,0,1.6,1.6,1.0,2.5,14,14,51,0.77,0.38,1.15,0.77,1.15,0.30,0.18,0.49,0.30,0.49,Matches,Ryan
562,Ryan Yates,eng ENG,MF,Nott'ham Forest,27-168,1997,32,18,1874.0,20.8,2,1,3,2,0,0,10,0,2.3,2.3,1.1,3.4,17,48,14,0.10,0.05,0.14,0.10,0.14,0.11,0.05,0.16,0.11,0.16,Matches,Ryan
99,Ryan Christie,sct SCO,MF,Bournemouth,30-075,1995,29,27,2117.0,23.5,2,3,5,2,0,0,9,0,1.8,1.8,3.5,5.4,34,137,44,0.09,0.13,0.21,0.09,0.21,0.08,0.15,0.23,0.08,0.23,Matches,Ryan
188,Ryan Fraser,sct SCO,"FW,DF",Southampton,31-073,1994,8,4,306.0,3.4,0,0,0,0,0,0,0,1,0.0,0.0,0.1,0.1,10,8,18,0.00,0.00,0.00,0.00,0.00,0.01,0.03,0.04,0.01,0.04,Matches,Ryan
209,Ryan Gravenberch,nl NED,MF,Liverpool,22-357,2002,34,34,2921.0,32.5,0,4,4,0,0,0,5,0,1.0,1.0,2.9,3.9,65,168,54,0.00,0.12,0.12,0.00,0.12,0.03,0.09,0.12,0.03,0.12,Matches,Ryan
324,Ryan Manning,ie IRL,"DF,MF",Southampton,28-328,1996,23,18,1459.0,16.2,0,1,1,0,0,0,2,0,0.3,0.3,3.2,3.6,14,35,74,0.00,0.06,0.06,0.00,0.06,0.02,0.20,0.22,0.02,0.22,Matches,Ryan
132,Rúben Dias,pt POR,DF,Manchester City,27-359,1997,24,22,2001.0,22.2,0,0,0,0,0,0,4,0,1.4,1.4,0.3,1.7,35,122,6,0.00,0.00,0.00,0.00,0.00,0.06,0.01,0.07,0.06,0.07,Matches,Rúben
358,Sam Morsy,eg EGY,MF,Ipswich Town,33-240,1991,30,28,2486.0,27.6,1,1,2,1,0,0,10,0,0.3,0.3,0.8,1.2,16,104,9,0.04,0.04,0.07,0.04,0.07,0.01,0.03,0.04,0.01,0.04,Matches,Sam
265,Sam Johnstone,eng ENG,GK,Wolves,32-044,1993,7,7,630.0,7.0,0,0,0,0,0,0,0,0,0.0,0.0,0.0,0.0,0,0,0,0.00,0.00,0.00,0.00,0.00,0.00,0.00,0.00,0.00,0.00,Matches,Sam
493,Sammie Szmodics,ie IRL,"FW,MF",Ipswich Town,29-226,1995,19,13,979.0,10.9,4,0,4,4,0,0,2,0,3.4,3.4,0.2,3.6,16,18,46,0.37,0.00,0.37,0.37,0.37,0.31,0.02,0.33,0.31,0.33,Matches,Sammie
54,Sander Berge,no NOR,MF,Fulham,27-083,1998,28,24,2091.0,23.2,0,0,0,0,0,0,5,0,0.2,0.2,0.6,0.8,27,116,8,0.00,0.00,0.00,0.00,0.00,0.01,0.03,0.03,0.01,0.03,Matches,Sander
510,Sandro Tonali,it ITA,MF,Newcastle Utd,25-000,2000,33,25,2360.0,26.2,3,2,5,3,0,0,5,0,3.7,3.7,1.4,5.0,33,116,48,0.11,0.08,0.19,0.11,0.19,0.14,0.05,0.19,0.14,0.19,Matches,Sandro
73,Santiago Bueno,uy URU,DF,Wolves,26-180,1998,28,18,1683.0,18.7,0,0,0,0,0,0,2,0,0.4,0.4,0.0,0.4,1,28,1,0.00,0.00,0.00,0.00,0.00,0.02,0.00,0.02,0.02,0.02,Matches,Santiago
310,Saša Lukić,rs SRB,MF,Fulham,28-268,1996,28,26,2169.0,24.1,0,2,2,0,0,0,12,0,1.2,1.2,2.6,3.8,37,92,29,0.00,0.08,0.08,0.00,0.08,0.05,0.11,0.16,0.05,0.16,Matches,Saša
309,Sean Longstaff,eng ENG,MF,Newcastle Utd,27-190,1997,24,8,797.0,8.9,0,0,0,0,0,0,2,0,0.6,0.6,0.2,0.8,4,40,22,0.00,0.00,0.00,0.00,0.00,0.07,0.02,0.09,0.07,0.09,Matches,Sean
128,Sepp van den Berg,nl NED,DF,Brentford,23-139,2001,28,26,2316.0,25.7,0,0,0,0,0,0,2,0,1.7,1.7,0.5,2.2,10,72,27,0.00,0.00,0.00,0.00,0.00,0.07,0.02,0.09,0.07,0.09,Matches,Sepp
427,Sergio Reguilón,es ESP,DF,Tottenham,28-143,1996,3,0,123.0,1.4,0,0,0,0,0,0,2,0,0.1,0.1,0.0,0.1,4,12,10,0.00,0.00,0.00,0.00,0.00,0.05,0.02,0.07,0.05,0.07,Matches,Sergio
5,Simon Adingra,ci CIV,"FW,MF",Brighton,23-127,2002,26,10,956.0,10.6,2,1,3,2,0,0,0,0,2.2,2.2,1.8,4.0,37,14,119,0.19,0.09,0.28,0.19,0.28,0.21,0.17,0.38,0.21,0.38,Matches,Simon
325,Solly March,eng ENG,"FW,MF",Brighton,30-292,1994,8,1,168.0,1.9,0,0,0,0,0,0,2,0,0.1,0.1,0.3,0.4,5,2,20,0.00,0.00,0.00,0.00,0.00,0.05,0.15,0.19,0.05,0.19,Matches,Solly
236,Son Heung-min,kr KOR,FW,Tottenham,32-304,1992,28,23,2004.0,22.3,7,9,16,6,1,2,1,0,7.0,5.4,8.2,13.7,87,104,259,0.31,0.40,0.72,0.27,0.67,0.31,0.37,0.68,0.24,0.61,Matches,Son
397,Stefan Ortega,de GER,GK,Manchester City,32-183,1992,13,12,1100.0,12.2,0,0,0,0,0,0,1,0,0.0,0.0,0.0,0.0,0,0,0,0.00,0.00,0.00,0.00,0.00,0.00,0.00,0.00,0.00,0.00,Matches,Stefan
332,Stephy Mavididi,eng ENG,FW,Leicester City,26-342,1998,30,16,1615.0,17.9,4,1,5,4,0,0,2,0,1.8,1.8,2.6,4.4,91,57,138,0.22,0.06,0.28,0.22,0.28,0.10,0.15,0.25,0.10,0.25,Matches,Stephy
63,Sven Botman,nl NED,DF,Newcastle Utd,25-116,2000,5,3,233.0,2.6,0,0,0,0,0,0,1,0,0.0,0.0,0.0,0.0,0,3,0,0.00,0.00,0.00,0.00,0.00,0.01,0.00,0.01,0.01,0.01,Matches,Sven
452,Sávio,br BRA,"FW,MF",Manchester City,21-028,2004,27,21,1734.0,19.3,1,8,9,1,0,0,3,0,4.9,4.9,6.8,11.6,133,66,239,0.05,0.42,0.47,0.05,0.47,0.25,0.35,0.60,0.25,0.60,Matches,Sávio
104,Séamus Coleman,ie IRL,DF,Everton,36-209,1988,3,2,197.0,2.2,0,0,0,0,0,0,1,0,0.6,0.6,0.0,0.6,1,8,2,0.00,0.00,0.00,0.00,0.00,0.26,0.00,0.26,0.26,0.26,Matches,Séamus
38,Taiwo Awoniyi,ng NGA,FW,Nott'ham Forest,27-269,1997,25,3,408.0,4.5,1,0,1,1,0,0,0,0,2.1,2.1,0.1,2.2,6,7,20,0.22,0.00,0.22,0.22,0.22,0.47,0.02,0.49,0.47,0.49,Matches,Taiwo
295,Tariq Lamptey,gh GHA,DF,Brighton,24-220,2000,14,9,802.0,8.9,2,2,4,2,0,0,0,0,0.4,0.4,0.8,1.2,28,12,43,0.22,0.22,0.45,0.22,0.45,0.04,0.09,0.13,0.04,0.13,Matches,Tariq
228,Taylor Harwood-Bellis,eng ENG,DF,Southampton,23-098,2002,32,30,2654.0,29.5,1,0,1,1,0,0,9,0,1.8,1.8,1.0,2.8,29,119,9,0.03,0.00,0.03,0.03,0.03,0.06,0.03,0.09,0.06,0.09,Matches,Taylor
502,Thiago,br BRA,FW,Brentford,23-316,2001,5,1,142.0,1.6,0,0,0,0,0,0,0,0,0.1,0.1,0.1,0.2,3,2,4,0.00,0.00,0.00,0.00,0.00,0.06,0.04,0.10,0.06,0.10,Matches,Thiago
405,Thomas Partey,gh GHA,"MF,DF",Arsenal,31-329,1993,32,28,2527.0,28.1,4,2,6,4,0,0,4,0,2.0,2.0,1.9,4.0,32,171,47,0.14,0.07,0.21,0.14,0.21,0.07,0.07,0.14,0.07,0.14,Matches,Thomas
248,Tim Iroegbunam,eng ENG,MF,Everton,21-312,2003,17,5,567.0,6.3,0,1,1,0,0,0,4,0,0.2,0.2,0.2,0.4,8,14,9,0.00,0.16,0.16,0.00,0.16,0.04,0.03,0.07,0.04,0.07,Matches,Tim
546,Timo Werner,de GER,"FW,MF",Tottenham,29-063,1996,18,4,516.0,5.7,0,3,3,0,0,0,0,0,1.0,1.0,2.5,3.5,42,30,89,0.00,0.52,0.52,0.00,0.52,0.17,0.44,0.61,0.17,0.61,Matches,Timo
90,Timothy Castagne,be BEL,DF,Fulham,29-154,1995,24,17,1649.0,18.3,0,1,1,0,0,0,1,0,0.4,0.4,1.2,1.6,17,62,67,0.00,0.05,0.05,0.00,0.05,0.02,0.07,0.09,0.02,0.09,Matches,Timothy
106,Toby Collyer,eng ENG,MF,Manchester Utd,21-125,2004,6,0,179.0,2.0,0,0,0,0,0,0,0,0,0.2,0.2,0.3,0.4,0,5,2,0.00,0.00,0.00,0.00,0.00,0.09,0.13,0.22,0.09,0.22,Matches,Toby
80,Tom Cairney,sct SCO,MF,Fulham,34-108,1991,22,2,494.0,5.5,1,0,1,1,0,0,3,1,0.2,0.2,1.0,1.2,14,47,29,0.18,0.00,0.18,0.18,0.18,0.04,0.17,0.21,0.04,0.21,Matches,Tom
149,Tommy Doyle,eng ENG,MF,Wolves,23-203,2001,24,3,488.0,5.4,0,1,1,0,0,0,1,0,0.6,0.6,0.5,1.1,6,40,4,0.00,0.18,0.18,0.00,0.18,0.10,0.09,0.20,0.10,0.20,Matches,Tommy
479,Tomáš Souček,cz CZE,MF,West Ham,30-070,1995,32,27,2330.0,25.9,8,1,9,8,0,0,8,0,6.0,6.0,1.0,7.0,6,70,65,0.31,0.04,0.35,0.31,0.35,0.23,0.04,0.27,0.23,0.27,Matches,Tomáš
4,Tosin Adarabioyo,eng ENG,DF,Chelsea,27-226,1997,20,13,1229.0,13.7,1,1,2,1,0,0,3,0,0.9,0.9,0.2,1.1,5,37,1,0.07,0.07,0.15,0.07,0.15,0.07,0.02,0.08,0.07,0.08,Matches,Tosin
204,Toti Gomes,pt POR,DF,Wolves,26-112,1999,28,27,2344.0,26.0,0,1,1,0,0,0,6,0,0.7,0.7,0.9,1.7,21,67,15,0.00,0.04,0.04,0.00,0.04,0.03,0.04,0.06,0.03,0.06,Matches,Toti
15,Trent Alexander-Arnold,eng ENG,DF,Liverpool,26-213,1998,31,28,2296.0,25.5,3,6,9,3,0,0,5,0,1.8,1.8,6.7,8.5,50,221,90,0.12,0.24,0.35,0.12,0.35,0.07,0.26,0.33,0.07,0.33,Matches,Trent
91,Trevoh Chalobah,eng ENG,DF,Crystal Palace,25-307,1999,12,12,1060.0,11.8,3,0,3,3,0,0,1,0,1.2,1.2,0.4,1.6,11,34,6,0.25,0.00,0.25,0.25,0.25,0.10,0.03,0.14,0.10,0.14,Matches,Trevoh
92,Trevoh Chalobah,eng ENG,DF,Chelsea,25-307,1999,12,10,836.0,9.3,0,1,1,0,0,0,2,0,0.7,0.7,1.2,1.9,4,37,2,0.00,0.11,0.11,0.00,0.11,0.08,0.13,0.21,0.08,0.21,Matches,Trevoh
3,Tyler Adams,us USA,MF,Bournemouth,26-083,1999,25,18,1710.0,19.0,0,3,3,0,0,0,7,0,1.6,1.6,1.0,2.5,12,65,9,0.00,0.16,0.16,0.00,0.16,0.08,0.05,0.13,0.08,0.13,Matches,Tyler
134,Tyler Dibling,eng ENG,"FW,MF",Southampton,19-057,2006,31,18,1742.0,19.4,2,0,2,2,0,0,6,0,2.5,2.5,1.5,4.1,68,61,93,0.10,0.00,0.10,0.10,0.10,0.13,0.08,0.21,0.13,0.21,Matches,Tyler
189,Tyler Fredricson,eng ENG,DF,Manchester Utd,20-074,2005,2,2,165.0,1.8,0,0,0,0,0,0,0,0,0.0,0.0,0.0,0.0,2,8,0,0.00,0.00,0.00,0.00,0.00,0.00,0.00,0.00,0.00,0.00,Matches,Tyler
321,Tyrell Malacia,nl NED,DF,Manchester Utd,25-264,1999,3,2,100.0,1.1,0,0,0,0,0,0,1,0,0.0,0.0,0.0,0.0,3,3,6,0.00,0.00,0.00,0.00,0.00,0.00,0.03,0.03,0.00,0.03,Matches,Tyrell
351,Tyrick Mitchell,eng ENG,DF,Crystal Palace,25-249,1999,35,35,2942.0,32.7,0,4,4,0,0,0,2,0,1.2,1.2,5.7,7.0,56,64,166,0.00,0.12,0.12,0.00,0.12,0.04,0.18,0.21,0.04,0.21,Matches,Tyrick
196,Tyrique George,eng ENG,FW,Chelsea,19-093,2006,7,0,103.0,1.1,1,1,2,1,0,0,1,0,0.2,0.2,0.7,0.9,9,2,18,0.87,0.87,1.75,0.87,1.75,0.17,0.63,0.80,0.17,0.80,Matches,Tyrique
349,Tyrone Mings,eng ENG,DF,Aston Villa,32-056,1993,13,11,1051.0,11.7,0,0,0,0,0,0,1,0,0.8,0.8,0.2,1.0,6,39,0,0.00,0.00,0.00,0.00,0.00,0.07,0.02,0.09,0.07,0.09,Matches,Tyrone
308,Valentino Livramento,eng ENG,DF,Newcastle Utd,22-177,2002,34,29,2570.0,28.6,0,1,1,0,0,0,1,0,0.2,0.2,2.3,2.6,73,144,98,0.00,0.04,0.04,0.00,0.04,0.01,0.08,0.09,0.01,0.09,Matches,Valentino
306,Victor Lindelöf,se SWE,DF,Manchester Utd,30-295,1994,13,4,485.0,5.4,0,0,0,0,0,0,1,0,0.0,0.0,0.1,0.1,1,10,1,0.00,0.00,0.00,0.00,0.00,0.00,0.01,0.01,0.00,0.01,Matches,Victor
56,Victor Bernth Kristiansen,dk DEN,DF,Leicester City,22-143,2002,28,28,2380.0,26.4,0,1,1,0,0,0,1,0,0.3,0.3,1.4,1.7,39,69,75,0.00,0.04,0.04,0.00,0.04,0.01,0.05,0.06,0.01,0.06,Matches,Victor
525,Virgil van Dijk,nl NED,DF,Liverpool,33-304,1991,35,35,3150.0,35.0,3,1,4,3,0,0,4,0,2.2,2.2,0.7,3.0,18,180,6,0.09,0.03,0.11,0.09,0.11,0.06,0.02,0.08,0.06,0.08,Matches,Virgil
369,Vitaliy Mykolenko,ua UKR,DF,Everton,25-344,1999,32,32,2812.0,31.2,0,1,1,0,0,0,3,0,0.4,0.4,1.6,2.1,31,105,90,0.00,0.03,0.03,0.00,0.03,0.01,0.05,0.07,0.01,0.07,Matches,Vitaliy
254,Vitaly Janelt,de GER,MF,Brentford,26-363,1998,32,27,2254.0,25.0,1,3,4,1,0,0,3,0,0.8,0.8,2.2,3.0,17,80,38,0.04,0.12,0.16,0.04,0.16,0.03,0.09,0.12,0.03,0.12,Matches,Vitaly
110,Vladimír Coufal,cz CZE,DF,West Ham,32-259,1992,19,9,876.0,9.7,0,0,0,0,0,0,4,0,0.2,0.2,0.6,0.8,15,33,25,0.00,0.00,0.00,0.00,0.00,0.02,0.06,0.08,0.02,0.08,Matches,Vladimír
165,Wataru Endo,jp JPN,MF,Liverpool,32-088,1993,18,1,237.0,2.6,0,0,0,0,0,0,0,0,0.0,0.0,0.1,0.1,0,14,5,0.00,0.00,0.00,0.00,0.00,0.00,0.02,0.02,0.00,0.02,Matches,Wataru
545,Welington,br BRA,"DF,MF",Southampton,24-078,2001,7,3,215.0,2.4,0,0,0,0,0,0,1,0,0.0,0.0,0.0,0.1,3,6,10,0.00,0.00,0.00,0.00,0.00,0.02,0.01,0.03,0.02,0.03,Matches,Welington
77,Wes Burns,wls WAL,"FW,DF",Ipswich Town,30-166,1994,18,12,926.0,10.3,0,1,1,0,0,0,1,0,0.5,0.5,1.6,2.2,38,8,65,0.00,0.10,0.10,0.00,0.10,0.05,0.16,0.21,0.05,0.21,Matches,Wes
184,Wesley Fofana,fr FRA,DF,Chelsea,24-142,2000,14,14,1172.0,13.0,0,0,0,0,0,0,7,0,0.4,0.4,0.4,0.8,19,32,4,0.00,0.00,0.00,0.00,0.00,0.03,0.03,0.07,0.03,0.06,Matches,Wesley
371,Wilfred Ndidi,ng NGA,MF,Leicester City,28-143,1996,26,26,2147.0,23.9,0,4,4,0,0,0,8,0,2.0,2.0,1.8,3.9,17,65,75,0.00,0.17,0.17,0.00,0.17,0.09,0.08,0.16,0.09,0.16,Matches,Wilfred
242,Will Hughes,eng ENG,MF,Crystal Palace,30-021,1995,30,21,1899.0,21.1,0,3,3,0,0,0,11,0,1.0,1.0,2.7,3.8,19,83,24,0.00,0.14,0.14,0.00,0.14,0.05,0.13,0.18,0.05,0.18,Matches,Will
472,William Smallbone,ie IRL,MF,Southampton,25-076,2000,15,6,646.0,7.2,1,0,1,1,0,0,1,0,0.4,0.4,0.6,1.1,5,25,23,0.14,0.00,0.14,0.14,0.14,0.06,0.09,0.15,0.06,0.15,Matches,William
398,William Osula,dk DEN,FW,Newcastle Utd,21-277,2003,12,0,104.0,1.2,1,0,1,1,0,0,0,0,0.1,0.1,0.1,0.2,2,2,12,0.87,0.00,0.87,0.87,0.87,0.10,0.08,0.18,0.10,0.18,Matches,William
445,William Saliba,fr FRA,DF,Arsenal,24-045,2001,33,33,2904.0,32.3,2,0,2,2,0,0,2,1,2.3,2.3,0.9,3.1,16,134,6,0.06,0.00,0.06,0.06,0.06,0.07,0.03,0.10,0.07,0.10,Matches,William
551,Willian,br BRA,"FW,MF",Fulham,36-272,1988,9,2,241.0,2.7,0,0,0,0,0,0,0,0,0.3,0.3,0.5,0.7,9,38,31,0.00,0.00,0.00,0.00,0.00,0.10,0.17,0.27,0.10,0.27,Matches,Willian
62,Willy Boly,ci CIV,DF,Nott'ham Forest,34-094,1991,6,1,150.0,1.7,0,0,0,0,0,0,1,0,0.1,0.1,0.0,0.1,0,2,0,0.00,0.00,0.00,0.00,0.00,0.04,0.00,0.04,0.04,0.04,Matches,Willy
388,Wilson Odobert,fr FRA,FW,Tottenham,20-161,2004,13,7,629.0,7.0,1,0,1,1,0,0,0,0,1.2,1.2,0.9,2.1,40,21,56,0.14,0.00,0.14,0.14,0.14,0.17,0.13,0.30,0.17,0.30,Matches,Wilson
174,Wout Faes,be BEL,DF,Leicester City,27-035,1998,31,27,2545.0,28.3,1,0,1,1,0,0,4,0,1.4,1.4,0.1,1.5,12,80,1,0.04,0.00,0.04,0.04,0.04,0.05,0.00,0.05,0.05,0.05,Matches,Wout
111,Woyo Coulibaly,fr FRA,DF,Leicester City,25-353,1999,4,1,109.0,1.2,0,0,0,0,0,0,1,0,0.0,0.0,0.0,0.0,4,3,2,0.00,0.00,0.00,0.00,0.00,0.04,0.00,0.04,0.04,0.04,Matches,Woyo
350,Yankuba Minteh,gm GAM,"FW,MF",Brighton,20-290,2004,29,17,1587.0,17.6,6,4,10,6,0,0,6,0,4.0,4.0,4.7,8.7,71,40,163,0.34,0.23,0.57,0.34,0.57,0.22,0.27,0.49,0.22,0.49,Matches,Yankuba
39,Yasin Ayari,se SWE,MF,Brighton,21-214,2003,31,19,1759.0,19.5,1,1,2,1,0,0,3,0,2.2,2.2,2.2,4.4,30,69,59,0.05,0.05,0.10,0.05,0.10,0.11,0.11,0.23,0.11,0.23,Matches,Yasin
561,Yehor Yarmoliuk,ua UKR,MF,Brentford,21-068,2004,28,12,1196.0,13.3,0,0,0,0,0,0,5,0,0.6,0.6,0.9,1.5,15,52,44,0.00,0.00,0.00,0.00,0.00,0.05,0.07,0.11,0.05,0.11,Matches,Yehor
359,Yerson Mosquera,co COL,DF,Wolves,24-006,2001,5,5,441.0,4.9,0,0,0,0,0,0,2,0,0.3,0.3,0.1,0.4,0,7,0,0.00,0.00,0.00,0.00,0.00,0.07,0.02,0.09,0.07,0.09,Matches,Yerson
557,Yoane Wissa,cd COD,FW,Brentford,28-247,1996,32,31,2650.0,29.4,18,3,21,18,0,0,2,0,16.5,16.5,1.8,18.3,51,57,135,0.61,0.10,0.71,0.61,0.71,0.56,0.06,0.62,0.56,0.62,Matches,Yoane
504,Youri Tielemans,be BEL,MF,Aston Villa,28-001,1997,35,35,2997.0,33.3,3,7,10,3,0,1,4,0,3.1,2.3,6.9,9.2,39,234,48,0.09,0.21,0.30,0.09,0.30,0.09,0.21,0.30,0.07,0.28,Matches,Youri
490,Yukinari Sugawara,jp JPN,"DF,MF",Southampton,24-314,2000,29,15,1467.0,16.3,1,1,2,1,0,0,4,0,0.5,0.5,2.2,2.7,32,68,76,0.06,0.06,0.12,0.06,0.12,0.03,0.14,0.17,0.03,0.17,Matches,Yukinari
59,Yves Bissouma,ml MLI,MF,Tottenham,28-251,1996,25,16,1300.0,14.4,2,0,2,2,0,0,7,0,0.6,0.6,0.3,0.9,15,72,3,0.14,0.00,0.14,0.14,0.14,0.04,0.02,0.06,0.04,0.06,Matches,Yves
357,Álex Moreno,es ESP,"DF,MF",Nott'ham Forest,31-334,1993,15,11,955.0,10.6,0,1,1,0,0,0,2,0,0.2,0.2,1.3,1.4,26,34,34,0.00,0.09,0.09,0.00,0.09,0.02,0.12,0.13,0.02,0.13,Matches,Álex
220,İlkay Gündoğan,de GER,MF,Manchester City,34-196,1990,31,23,2050.0,22.8,0,5,5,0,0,0,1,0,2.7,2.7,2.8,5.5,57,115,86,0.00,0.22,0.22,0.00,0.22,0.12,0.12,0.24,0.12,0.24,Matches,İlkay
173,Łukasz Fabiański,pl POL,GK,West Ham,40-020,1985,13,12,1070.0,11.9,0,0,0,0,0,0,2,0,0.0,0.0,0.0,0.0,0,0,0,0.00,0.00,0.00,0.00,0.00,0.00,0.00,0.00,0.00,0.00,Matches,Łukasz
